Fylkenummer;Fylkenavn;Kommunenummer;Kommunenavn;Stemmekretsnummer;Stemmekretsnavn;Partikode;Partinavn;Oppslutning prosentvis;Antall stemmeberettigede;Antall valgtingstemmer totalt;Antall stemmer parti
03;Oslo;0301;Oslo;0101;Vahl skole;A;Arbeiderpartiet;27,23475;5185;1204;326
03;Oslo;0301;Oslo;0101;Vahl skole;SV;SV - Sosialistisk Venstreparti;22,38931;5185;1204;268
03;Oslo;0301;Oslo;0101;Vahl skole;RØDT;Rødt;17,71094;5185;1204;212
03;Oslo;0301;Oslo;0101;Vahl skole;SP;Senterpartiet;2,1721;5185;1204;26
03;Oslo;0301;Oslo;0101;Vahl skole;KRF;Kristelig Folkeparti;1,5873;5185;1204;19
03;Oslo;0301;Oslo;0101;Vahl skole;MDG;Miljøpartiet De Grønne;7,10109;5185;1204;85
03;Oslo;0301;Oslo;0101;Vahl skole;V;Venstre;7,85297;5185;1204;94
03;Oslo;0301;Oslo;0101;Vahl skole;H;Høyre;8,77193;5185;1204;105
03;Oslo;0301;Oslo;0101;Vahl skole;FRP;Fremskrittspartiet;2,58981;5185;1204;31
03;Oslo;0301;Oslo;0101;Vahl skole;AAN;Alliansen - Alternativ for Norge;0,08354;5185;1204;1
03;Oslo;0301;Oslo;0101;Vahl skole;DEMN;Demokratene;0,33417;5185;1204;4
03;Oslo;0301;Oslo;0101;Vahl skole;FNB;Folkeaksjonen Nei til mer bompenger;0,25063;5185;1204;3
03;Oslo;0301;Oslo;0101;Vahl skole;HELSE;Helsepartiet;0,0;5185;1204;0
03;Oslo;0301;Oslo;0101;Vahl skole;INP;Industri- og Næringspartiet;0,08354;5185;1204;1
03;Oslo;0301;Oslo;0101;Vahl skole;KRISTNE;Partiet De Kristne;0,16708;5185;1204;2
03;Oslo;0301;Oslo;0101;Vahl skole;KYST;Kystpartiet;0,0;5185;1204;0
03;Oslo;0301;Oslo;0101;Vahl skole;LIBS;Liberalistene;0,08354;5185;1204;1
03;Oslo;0301;Oslo;0101;Vahl skole;NKP;Norges Kommunistiske Parti;0,08354;5185;1204;1
03;Oslo;0301;Oslo;0101;Vahl skole;PIR;Piratpartiet;0,41771;5185;1204;5
03;Oslo;0301;Oslo;0101;Vahl skole;PP;Pensjonistpartiet;0,33417;5185;1204;4
03;Oslo;0301;Oslo;0101;Vahl skole;PS;Partiet Sentrum;0,5848;5185;1204;7
03;Oslo;0301;Oslo;0101;Vahl skole;BLANKE;Blanke;0,5848;5185;1204;7
03;Oslo;0301;Oslo;0101;Vahl skole;FI;Feministisk Initiativ;0,16708;5185;1204;2
03;Oslo;0301;Oslo;0101;Vahl skole;Andre;Andre;2,58981;5185;1204;31
03;Oslo;0301;Oslo;0101;Vahl skole;Andre2;Andre2;0,0;5185;1204;0
03;Oslo;0301;Oslo;0102;Tøyen skole;A;Arbeiderpartiet;23,61702;5614;1420;333
03;Oslo;0301;Oslo;0102;Tøyen skole;SV;SV - Sosialistisk Venstreparti;26,38298;5614;1420;372
03;Oslo;0301;Oslo;0102;Tøyen skole;RØDT;Rødt;15,39007;5614;1420;217
03;Oslo;0301;Oslo;0102;Tøyen skole;SP;Senterpartiet;1,63121;5614;1420;23
03;Oslo;0301;Oslo;0102;Tøyen skole;KRF;Kristelig Folkeparti;1,06383;5614;1420;15
03;Oslo;0301;Oslo;0102;Tøyen skole;MDG;Miljøpartiet De Grønne;11,20567;5614;1420;158
03;Oslo;0301;Oslo;0102;Tøyen skole;V;Venstre;8,43972;5614;1420;119
03;Oslo;0301;Oslo;0102;Tøyen skole;H;Høyre;8,01418;5614;1420;113
03;Oslo;0301;Oslo;0102;Tøyen skole;FRP;Fremskrittspartiet;2,19858;5614;1420;31
03;Oslo;0301;Oslo;0102;Tøyen skole;AAN;Alliansen - Alternativ for Norge;0,0;5614;1420;0
03;Oslo;0301;Oslo;0102;Tøyen skole;DEMN;Demokratene;0,28369;5614;1420;4
03;Oslo;0301;Oslo;0102;Tøyen skole;FNB;Folkeaksjonen Nei til mer bompenger;0,21277;5614;1420;3
03;Oslo;0301;Oslo;0102;Tøyen skole;HELSE;Helsepartiet;0,14184;5614;1420;2
03;Oslo;0301;Oslo;0102;Tøyen skole;INP;Industri- og Næringspartiet;0,07092;5614;1420;1
03;Oslo;0301;Oslo;0102;Tøyen skole;KRISTNE;Partiet De Kristne;0,07092;5614;1420;1
03;Oslo;0301;Oslo;0102;Tøyen skole;KYST;Kystpartiet;0,07092;5614;1420;1
03;Oslo;0301;Oslo;0102;Tøyen skole;LIBS;Liberalistene;0,42553;5614;1420;6
03;Oslo;0301;Oslo;0102;Tøyen skole;NKP;Norges Kommunistiske Parti;0,0;5614;1420;0
03;Oslo;0301;Oslo;0102;Tøyen skole;PIR;Piratpartiet;0,35461;5614;1420;5
03;Oslo;0301;Oslo;0102;Tøyen skole;PP;Pensjonistpartiet;0,07092;5614;1420;1
03;Oslo;0301;Oslo;0102;Tøyen skole;PS;Partiet Sentrum;0,28369;5614;1420;4
03;Oslo;0301;Oslo;0102;Tøyen skole;BLANKE;Blanke;0,70922;5614;1420;10
03;Oslo;0301;Oslo;0102;Tøyen skole;FI;Feministisk Initiativ;0,07092;5614;1420;1
03;Oslo;0301;Oslo;0102;Tøyen skole;Andre;Andre;2,05674;5614;1420;29
03;Oslo;0301;Oslo;0102;Tøyen skole;Andre2;Andre2;0,0;5614;1420;0
03;Oslo;0301;Oslo;0103;Kampen skole;A;Arbeiderpartiet;22,70715;3787;1593;359
03;Oslo;0301;Oslo;0103;Kampen skole;SV;SV - Sosialistisk Venstreparti;21,69513;3787;1593;343
03;Oslo;0301;Oslo;0103;Kampen skole;RØDT;Rødt;14,61101;3787;1593;231
03;Oslo;0301;Oslo;0103;Kampen skole;SP;Senterpartiet;2,65655;3787;1593;42
03;Oslo;0301;Oslo;0103;Kampen skole;KRF;Kristelig Folkeparti;1,45478;3787;1593;23
03;Oslo;0301;Oslo;0103;Kampen skole;MDG;Miljøpartiet De Grønne;11,19545;3787;1593;177
03;Oslo;0301;Oslo;0103;Kampen skole;V;Venstre;10,37318;3787;1593;164
03;Oslo;0301;Oslo;0103;Kampen skole;H;Høyre;9,55092;3787;1593;151
03;Oslo;0301;Oslo;0103;Kampen skole;FRP;Fremskrittspartiet;4,23782;3787;1593;67
03;Oslo;0301;Oslo;0103;Kampen skole;AAN;Alliansen - Alternativ for Norge;0,06325;3787;1593;1
03;Oslo;0301;Oslo;0103;Kampen skole;DEMN;Demokratene;0,253;3787;1593;4
03;Oslo;0301;Oslo;0103;Kampen skole;FNB;Folkeaksjonen Nei til mer bompenger;0,18975;3787;1593;3
03;Oslo;0301;Oslo;0103;Kampen skole;HELSE;Helsepartiet;0,06325;3787;1593;1
03;Oslo;0301;Oslo;0103;Kampen skole;INP;Industri- og Næringspartiet;0,0;3787;1593;0
03;Oslo;0301;Oslo;0103;Kampen skole;KRISTNE;Partiet De Kristne;0,06325;3787;1593;1
03;Oslo;0301;Oslo;0103;Kampen skole;KYST;Kystpartiet;0,0;3787;1593;0
03;Oslo;0301;Oslo;0103;Kampen skole;LIBS;Liberalistene;0,18975;3787;1593;3
03;Oslo;0301;Oslo;0103;Kampen skole;NKP;Norges Kommunistiske Parti;0,0;3787;1593;0
03;Oslo;0301;Oslo;0103;Kampen skole;PIR;Piratpartiet;0,18975;3787;1593;3
03;Oslo;0301;Oslo;0103;Kampen skole;PP;Pensjonistpartiet;0,31626;3787;1593;5
03;Oslo;0301;Oslo;0103;Kampen skole;PS;Partiet Sentrum;0,1265;3787;1593;2
03;Oslo;0301;Oslo;0103;Kampen skole;BLANKE;Blanke;0,75901;3787;1593;12
03;Oslo;0301;Oslo;0103;Kampen skole;FI;Feministisk Initiativ;0,06325;3787;1593;1
03;Oslo;0301;Oslo;0103;Kampen skole;Andre;Andre;1,51803;3787;1593;24
03;Oslo;0301;Oslo;0103;Kampen skole;Andre2;Andre2;0,0;3787;1593;0
03;Oslo;0301;Oslo;0104;Gamlebyen skole;A;Arbeiderpartiet;19,86653;9546;1960;387
03;Oslo;0301;Oslo;0104;Gamlebyen skole;SV;SV - Sosialistisk Venstreparti;15,24641;9546;1960;297
03;Oslo;0301;Oslo;0104;Gamlebyen skole;RØDT;Rødt;13,86037;9546;1960;270
03;Oslo;0301;Oslo;0104;Gamlebyen skole;SP;Senterpartiet;2,72074;9546;1960;53
03;Oslo;0301;Oslo;0104;Gamlebyen skole;KRF;Kristelig Folkeparti;0,97536;9546;1960;19
03;Oslo;0301;Oslo;0104;Gamlebyen skole;MDG;Miljøpartiet De Grønne;11,0883;9546;1960;216
03;Oslo;0301;Oslo;0104;Gamlebyen skole;V;Venstre;11,85832;9546;1960;231
03;Oslo;0301;Oslo;0104;Gamlebyen skole;H;Høyre;17,81314;9546;1960;347
03;Oslo;0301;Oslo;0104;Gamlebyen skole;FRP;Fremskrittspartiet;4,56879;9546;1960;89
03;Oslo;0301;Oslo;0104;Gamlebyen skole;AAN;Alliansen - Alternativ for Norge;0,05133;9546;1960;1
03;Oslo;0301;Oslo;0104;Gamlebyen skole;DEMN;Demokratene;0,41068;9546;1960;8
03;Oslo;0301;Oslo;0104;Gamlebyen skole;FNB;Folkeaksjonen Nei til mer bompenger;0,30801;9546;1960;6
03;Oslo;0301;Oslo;0104;Gamlebyen skole;HELSE;Helsepartiet;0,05133;9546;1960;1
03;Oslo;0301;Oslo;0104;Gamlebyen skole;INP;Industri- og Næringspartiet;0,05133;9546;1960;1
03;Oslo;0301;Oslo;0104;Gamlebyen skole;KRISTNE;Partiet De Kristne;0,20534;9546;1960;4
03;Oslo;0301;Oslo;0104;Gamlebyen skole;KYST;Kystpartiet;0,0;9546;1960;0
03;Oslo;0301;Oslo;0104;Gamlebyen skole;LIBS;Liberalistene;0,35934;9546;1960;7
03;Oslo;0301;Oslo;0104;Gamlebyen skole;NKP;Norges Kommunistiske Parti;0,0;9546;1960;0
03;Oslo;0301;Oslo;0104;Gamlebyen skole;PIR;Piratpartiet;0,10267;9546;1960;2
03;Oslo;0301;Oslo;0104;Gamlebyen skole;PP;Pensjonistpartiet;0,05133;9546;1960;1
03;Oslo;0301;Oslo;0104;Gamlebyen skole;PS;Partiet Sentrum;0,25667;9546;1960;5
03;Oslo;0301;Oslo;0104;Gamlebyen skole;BLANKE;Blanke;0,61602;9546;1960;12
03;Oslo;0301;Oslo;0104;Gamlebyen skole;FI;Feministisk Initiativ;0,154;9546;1960;3
03;Oslo;0301;Oslo;0104;Gamlebyen skole;Andre;Andre;2,00205;9546;1960;39
03;Oslo;0301;Oslo;0104;Gamlebyen skole;Andre2;Andre2;0,0;9546;1960;0
03;Oslo;0301;Oslo;0105;Etterstad videregående skole;A;Arbeiderpartiet;27,63441;6950;1870;514
03;Oslo;0301;Oslo;0105;Etterstad videregående skole;SV;SV - Sosialistisk Venstreparti;14,73118;6950;1870;274
03;Oslo;0301;Oslo;0105;Etterstad videregående skole;RØDT;Rødt;13,01075;6950;1870;242
03;Oslo;0301;Oslo;0105;Etterstad videregående skole;SP;Senterpartiet;4,78495;6950;1870;89
03;Oslo;0301;Oslo;0105;Etterstad videregående skole;KRF;Kristelig Folkeparti;1,07527;6950;1870;20
03;Oslo;0301;Oslo;0105;Etterstad videregående skole;MDG;Miljøpartiet De Grønne;7,7957;6950;1870;145
03;Oslo;0301;Oslo;0105;Etterstad videregående skole;V;Venstre;7,7957;6950;1870;145
03;Oslo;0301;Oslo;0105;Etterstad videregående skole;H;Høyre;15,10753;6950;1870;281
03;Oslo;0301;Oslo;0105;Etterstad videregående skole;FRP;Fremskrittspartiet;5,53763;6950;1870;103
03;Oslo;0301;Oslo;0105;Etterstad videregående skole;AAN;Alliansen - Alternativ for Norge;0,0;6950;1870;0
03;Oslo;0301;Oslo;0105;Etterstad videregående skole;DEMN;Demokratene;0,53763;6950;1870;10
03;Oslo;0301;Oslo;0105;Etterstad videregående skole;FNB;Folkeaksjonen Nei til mer bompenger;0,32258;6950;1870;6
03;Oslo;0301;Oslo;0105;Etterstad videregående skole;HELSE;Helsepartiet;0,16129;6950;1870;3
03;Oslo;0301;Oslo;0105;Etterstad videregående skole;INP;Industri- og Næringspartiet;0,0;6950;1870;0
03;Oslo;0301;Oslo;0105;Etterstad videregående skole;KRISTNE;Partiet De Kristne;0,16129;6950;1870;3
03;Oslo;0301;Oslo;0105;Etterstad videregående skole;KYST;Kystpartiet;0,0;6950;1870;0
03;Oslo;0301;Oslo;0105;Etterstad videregående skole;LIBS;Liberalistene;0,16129;6950;1870;3
03;Oslo;0301;Oslo;0105;Etterstad videregående skole;NKP;Norges Kommunistiske Parti;0,0;6950;1870;0
03;Oslo;0301;Oslo;0105;Etterstad videregående skole;PIR;Piratpartiet;0,16129;6950;1870;3
03;Oslo;0301;Oslo;0105;Etterstad videregående skole;PP;Pensjonistpartiet;0,53763;6950;1870;10
03;Oslo;0301;Oslo;0105;Etterstad videregående skole;PS;Partiet Sentrum;0,43011;6950;1870;8
03;Oslo;0301;Oslo;0105;Etterstad videregående skole;BLANKE;Blanke;0,53763;6950;1870;10
03;Oslo;0301;Oslo;0105;Etterstad videregående skole;FI;Feministisk Initiativ;0,05376;6950;1870;1
03;Oslo;0301;Oslo;0105;Etterstad videregående skole;Andre;Andre;2,52688;6950;1870;47
03;Oslo;0301;Oslo;0105;Etterstad videregående skole;Andre2;Andre2;0,0;6950;1870;0
03;Oslo;0301;Oslo;0106;Fyrstikkalleen skole;A;Arbeiderpartiet;27,78865;11002;2057;568
03;Oslo;0301;Oslo;0106;Fyrstikkalleen skole;SV;SV - Sosialistisk Venstreparti;13,06262;11002;2057;267
03;Oslo;0301;Oslo;0106;Fyrstikkalleen skole;RØDT;Rødt;9,93151;11002;2057;203
03;Oslo;0301;Oslo;0106;Fyrstikkalleen skole;SP;Senterpartiet;2,59295;11002;2057;53
03;Oslo;0301;Oslo;0106;Fyrstikkalleen skole;KRF;Kristelig Folkeparti;1,32094;11002;2057;27
03;Oslo;0301;Oslo;0106;Fyrstikkalleen skole;MDG;Miljøpartiet De Grønne;8,36595;11002;2057;171
03;Oslo;0301;Oslo;0106;Fyrstikkalleen skole;V;Venstre;11,39922;11002;2057;233
03;Oslo;0301;Oslo;0106;Fyrstikkalleen skole;H;Høyre;17,71037;11002;2057;362
03;Oslo;0301;Oslo;0106;Fyrstikkalleen skole;FRP;Fremskrittspartiet;5,3816;11002;2057;110
03;Oslo;0301;Oslo;0106;Fyrstikkalleen skole;AAN;Alliansen - Alternativ for Norge;0,04892;11002;2057;1
03;Oslo;0301;Oslo;0106;Fyrstikkalleen skole;DEMN;Demokratene;0,68493;11002;2057;14
03;Oslo;0301;Oslo;0106;Fyrstikkalleen skole;FNB;Folkeaksjonen Nei til mer bompenger;0,58708;11002;2057;12
03;Oslo;0301;Oslo;0106;Fyrstikkalleen skole;HELSE;Helsepartiet;0,19569;11002;2057;4
03;Oslo;0301;Oslo;0106;Fyrstikkalleen skole;INP;Industri- og Næringspartiet;0,09785;11002;2057;2
03;Oslo;0301;Oslo;0106;Fyrstikkalleen skole;KRISTNE;Partiet De Kristne;0,04892;11002;2057;1
03;Oslo;0301;Oslo;0106;Fyrstikkalleen skole;KYST;Kystpartiet;0,0;11002;2057;0
03;Oslo;0301;Oslo;0106;Fyrstikkalleen skole;LIBS;Liberalistene;0,34247;11002;2057;7
03;Oslo;0301;Oslo;0106;Fyrstikkalleen skole;NKP;Norges Kommunistiske Parti;0,0;11002;2057;0
03;Oslo;0301;Oslo;0106;Fyrstikkalleen skole;PIR;Piratpartiet;0,09785;11002;2057;2
03;Oslo;0301;Oslo;0106;Fyrstikkalleen skole;PP;Pensjonistpartiet;0,14677;11002;2057;3
03;Oslo;0301;Oslo;0106;Fyrstikkalleen skole;PS;Partiet Sentrum;0,19569;11002;2057;4
03;Oslo;0301;Oslo;0106;Fyrstikkalleen skole;BLANKE;Blanke;0,63601;11002;2057;13
03;Oslo;0301;Oslo;0106;Fyrstikkalleen skole;FI;Feministisk Initiativ;0,0;11002;2057;0
03;Oslo;0301;Oslo;0106;Fyrstikkalleen skole;Andre;Andre;2,44618;11002;2057;50
03;Oslo;0301;Oslo;0106;Fyrstikkalleen skole;Andre2;Andre2;0,0;11002;2057;0
03;Oslo;0301;Oslo;1001;Rødtvet skole;A;Arbeiderpartiet;36,51987;3155;938;340
03;Oslo;0301;Oslo;1001;Rødtvet skole;SV;SV - Sosialistisk Venstreparti;9,4522;3155;938;88
03;Oslo;0301;Oslo;1001;Rødtvet skole;RØDT;Rødt;10,52632;3155;938;98
03;Oslo;0301;Oslo;1001;Rødtvet skole;SP;Senterpartiet;5,37057;3155;938;50
03;Oslo;0301;Oslo;1001;Rødtvet skole;KRF;Kristelig Folkeparti;1,39635;3155;938;13
03;Oslo;0301;Oslo;1001;Rødtvet skole;MDG;Miljøpartiet De Grønne;4,61869;3155;938;43
03;Oslo;0301;Oslo;1001;Rødtvet skole;V;Venstre;4,51128;3155;938;42
03;Oslo;0301;Oslo;1001;Rødtvet skole;H;Høyre;15,46724;3155;938;144
03;Oslo;0301;Oslo;1001;Rødtvet skole;FRP;Fremskrittspartiet;8,80773;3155;938;82
03;Oslo;0301;Oslo;1001;Rødtvet skole;AAN;Alliansen - Alternativ for Norge;0,32223;3155;938;3
03;Oslo;0301;Oslo;1001;Rødtvet skole;DEMN;Demokratene;0,42965;3155;938;4
03;Oslo;0301;Oslo;1001;Rødtvet skole;FNB;Folkeaksjonen Nei til mer bompenger;0,85929;3155;938;8
03;Oslo;0301;Oslo;1001;Rødtvet skole;HELSE;Helsepartiet;0,0;3155;938;0
03;Oslo;0301;Oslo;1001;Rødtvet skole;INP;Industri- og Næringspartiet;0,10741;3155;938;1
03;Oslo;0301;Oslo;1001;Rødtvet skole;KRISTNE;Partiet De Kristne;0,21482;3155;938;2
03;Oslo;0301;Oslo;1001;Rødtvet skole;KYST;Kystpartiet;0,21482;3155;938;2
03;Oslo;0301;Oslo;1001;Rødtvet skole;LIBS;Liberalistene;0,10741;3155;938;1
03;Oslo;0301;Oslo;1001;Rødtvet skole;NKP;Norges Kommunistiske Parti;0,0;3155;938;0
03;Oslo;0301;Oslo;1001;Rødtvet skole;PIR;Piratpartiet;0,32223;3155;938;3
03;Oslo;0301;Oslo;1001;Rødtvet skole;PP;Pensjonistpartiet;0,32223;3155;938;3
03;Oslo;0301;Oslo;1001;Rødtvet skole;PS;Partiet Sentrum;0,32223;3155;938;3
03;Oslo;0301;Oslo;1001;Rødtvet skole;BLANKE;Blanke;0,75188;3155;938;7
03;Oslo;0301;Oslo;1001;Rødtvet skole;FI;Feministisk Initiativ;0,10741;3155;938;1
03;Oslo;0301;Oslo;1001;Rødtvet skole;Andre;Andre;3,32975;3155;938;31
03;Oslo;0301;Oslo;1001;Rødtvet skole;Andre2;Andre2;0,0;3155;938;0
03;Oslo;0301;Oslo;1002;Nordtvet skole;A;Arbeiderpartiet;37,01025;4967;1675;614
03;Oslo;0301;Oslo;1002;Nordtvet skole;SV;SV - Sosialistisk Venstreparti;13,01989;4967;1675;216
03;Oslo;0301;Oslo;1002;Nordtvet skole;RØDT;Rødt;9,40325;4967;1675;156
03;Oslo;0301;Oslo;1002;Nordtvet skole;SP;Senterpartiet;6,81133;4967;1675;113
03;Oslo;0301;Oslo;1002;Nordtvet skole;KRF;Kristelig Folkeparti;1,80832;4967;1675;30
03;Oslo;0301;Oslo;1002;Nordtvet skole;MDG;Miljøpartiet De Grønne;3,31525;4967;1675;55
03;Oslo;0301;Oslo;1002;Nordtvet skole;V;Venstre;4,09885;4967;1675;68
03;Oslo;0301;Oslo;1002;Nordtvet skole;H;Høyre;11,51296;4967;1675;191
03;Oslo;0301;Oslo;1002;Nordtvet skole;FRP;Fremskrittspartiet;9,22242;4967;1675;153
03;Oslo;0301;Oslo;1002;Nordtvet skole;AAN;Alliansen - Alternativ for Norge;0,18083;4967;1675;3
03;Oslo;0301;Oslo;1002;Nordtvet skole;DEMN;Demokratene;0,7836;4967;1675;13
03;Oslo;0301;Oslo;1002;Nordtvet skole;FNB;Folkeaksjonen Nei til mer bompenger;0,48222;4967;1675;8
03;Oslo;0301;Oslo;1002;Nordtvet skole;HELSE;Helsepartiet;0,30139;4967;1675;5
03;Oslo;0301;Oslo;1002;Nordtvet skole;INP;Industri- og Næringspartiet;0,18083;4967;1675;3
03;Oslo;0301;Oslo;1002;Nordtvet skole;KRISTNE;Partiet De Kristne;0,36166;4967;1675;6
03;Oslo;0301;Oslo;1002;Nordtvet skole;KYST;Kystpartiet;0,06028;4967;1675;1
03;Oslo;0301;Oslo;1002;Nordtvet skole;LIBS;Liberalistene;0,12055;4967;1675;2
03;Oslo;0301;Oslo;1002;Nordtvet skole;NKP;Norges Kommunistiske Parti;0,18083;4967;1675;3
03;Oslo;0301;Oslo;1002;Nordtvet skole;PIR;Piratpartiet;0,12055;4967;1675;2
03;Oslo;0301;Oslo;1002;Nordtvet skole;PP;Pensjonistpartiet;0,60277;4967;1675;10
03;Oslo;0301;Oslo;1002;Nordtvet skole;PS;Partiet Sentrum;0,42194;4967;1675;7
03;Oslo;0301;Oslo;1002;Nordtvet skole;BLANKE;Blanke;0,96444;4967;1675;16
03;Oslo;0301;Oslo;1002;Nordtvet skole;FI;Feministisk Initiativ;0,0;4967;1675;0
03;Oslo;0301;Oslo;1002;Nordtvet skole;Andre;Andre;3,79747;4967;1675;63
03;Oslo;0301;Oslo;1002;Nordtvet skole;Andre2;Andre2;0,0;4967;1675;0
03;Oslo;0301;Oslo;1003;Ammerud skole;A;Arbeiderpartiet;36,55984;6237;1544;559
03;Oslo;0301;Oslo;1003;Ammerud skole;SV;SV - Sosialistisk Venstreparti;13,79987;6237;1544;211
03;Oslo;0301;Oslo;1003;Ammerud skole;RØDT;Rødt;13,27665;6237;1544;203
03;Oslo;0301;Oslo;1003;Ammerud skole;SP;Senterpartiet;5,03597;6237;1544;77
03;Oslo;0301;Oslo;1003;Ammerud skole;KRF;Kristelig Folkeparti;2,09287;6237;1544;32
03;Oslo;0301;Oslo;1003;Ammerud skole;MDG;Miljøpartiet De Grønne;4,83976;6237;1544;74
03;Oslo;0301;Oslo;1003;Ammerud skole;V;Venstre;3,0739;6237;1544;47
03;Oslo;0301;Oslo;1003;Ammerud skole;H;Høyre;11,11838;6237;1544;170
03;Oslo;0301;Oslo;1003;Ammerud skole;FRP;Fremskrittspartiet;6,86723;6237;1544;105
03;Oslo;0301;Oslo;1003;Ammerud skole;AAN;Alliansen - Alternativ for Norge;0,0654;6237;1544;1
03;Oslo;0301;Oslo;1003;Ammerud skole;DEMN;Demokratene;0,65402;6237;1544;10
03;Oslo;0301;Oslo;1003;Ammerud skole;FNB;Folkeaksjonen Nei til mer bompenger;0,65402;6237;1544;10
03;Oslo;0301;Oslo;1003;Ammerud skole;HELSE;Helsepartiet;0,39241;6237;1544;6
03;Oslo;0301;Oslo;1003;Ammerud skole;INP;Industri- og Næringspartiet;0,0654;6237;1544;1
03;Oslo;0301;Oslo;1003;Ammerud skole;KRISTNE;Partiet De Kristne;0,1308;6237;1544;2
03;Oslo;0301;Oslo;1003;Ammerud skole;KYST;Kystpartiet;0,0654;6237;1544;1
03;Oslo;0301;Oslo;1003;Ammerud skole;LIBS;Liberalistene;0,0654;6237;1544;1
03;Oslo;0301;Oslo;1003;Ammerud skole;NKP;Norges Kommunistiske Parti;0,0;6237;1544;0
03;Oslo;0301;Oslo;1003;Ammerud skole;PIR;Piratpartiet;0,19621;6237;1544;3
03;Oslo;0301;Oslo;1003;Ammerud skole;PP;Pensjonistpartiet;0,26161;6237;1544;4
03;Oslo;0301;Oslo;1003;Ammerud skole;PS;Partiet Sentrum;0,71942;6237;1544;11
03;Oslo;0301;Oslo;1003;Ammerud skole;BLANKE;Blanke;0,98103;6237;1544;15
03;Oslo;0301;Oslo;1003;Ammerud skole;FI;Feministisk Initiativ;0,0654;6237;1544;1
03;Oslo;0301;Oslo;1003;Ammerud skole;Andre;Andre;3,33551;6237;1544;51
03;Oslo;0301;Oslo;1003;Ammerud skole;Andre2;Andre2;0,0;6237;1544;0
03;Oslo;0301;Oslo;1004;Tiurleiken skole;A;Arbeiderpartiet;34,2155;4680;1066;362
03;Oslo;0301;Oslo;1004;Tiurleiken skole;SV;SV - Sosialistisk Venstreparti;12,57089;4680;1066;133
03;Oslo;0301;Oslo;1004;Tiurleiken skole;RØDT;Rødt;14,55577;4680;1066;154
03;Oslo;0301;Oslo;1004;Tiurleiken skole;SP;Senterpartiet;6,99433;4680;1066;74
03;Oslo;0301;Oslo;1004;Tiurleiken skole;KRF;Kristelig Folkeparti;3,02457;4680;1066;32
03;Oslo;0301;Oslo;1004;Tiurleiken skole;MDG;Miljøpartiet De Grønne;3,02457;4680;1066;32
03;Oslo;0301;Oslo;1004;Tiurleiken skole;V;Venstre;3,11909;4680;1066;33
03;Oslo;0301;Oslo;1004;Tiurleiken skole;H;Høyre;7,3724;4680;1066;78
03;Oslo;0301;Oslo;1004;Tiurleiken skole;FRP;Fremskrittspartiet;8,88469;4680;1066;94
03;Oslo;0301;Oslo;1004;Tiurleiken skole;AAN;Alliansen - Alternativ for Norge;0,18904;4680;1066;2
03;Oslo;0301;Oslo;1004;Tiurleiken skole;DEMN;Demokratene;1,0397;4680;1066;11
03;Oslo;0301;Oslo;1004;Tiurleiken skole;FNB;Folkeaksjonen Nei til mer bompenger;0,66163;4680;1066;7
03;Oslo;0301;Oslo;1004;Tiurleiken skole;HELSE;Helsepartiet;0,28355;4680;1066;3
03;Oslo;0301;Oslo;1004;Tiurleiken skole;INP;Industri- og Næringspartiet;0,0;4680;1066;0
03;Oslo;0301;Oslo;1004;Tiurleiken skole;KRISTNE;Partiet De Kristne;0,47259;4680;1066;5
03;Oslo;0301;Oslo;1004;Tiurleiken skole;KYST;Kystpartiet;0,28355;4680;1066;3
03;Oslo;0301;Oslo;1004;Tiurleiken skole;LIBS;Liberalistene;0,56711;4680;1066;6
03;Oslo;0301;Oslo;1004;Tiurleiken skole;NKP;Norges Kommunistiske Parti;0,0;4680;1066;0
03;Oslo;0301;Oslo;1004;Tiurleiken skole;PIR;Piratpartiet;0,37807;4680;1066;4
03;Oslo;0301;Oslo;1004;Tiurleiken skole;PP;Pensjonistpartiet;1,51229;4680;1066;16
03;Oslo;0301;Oslo;1004;Tiurleiken skole;PS;Partiet Sentrum;0,66163;4680;1066;7
03;Oslo;0301;Oslo;1004;Tiurleiken skole;BLANKE;Blanke;0,75614;4680;1066;8
03;Oslo;0301;Oslo;1004;Tiurleiken skole;FI;Feministisk Initiativ;0,18904;4680;1066;2
03;Oslo;0301;Oslo;1004;Tiurleiken skole;Andre;Andre;6,23819;4680;1066;66
03;Oslo;0301;Oslo;1004;Tiurleiken skole;Andre2;Andre2;0,0;4680;1066;0
03;Oslo;0301;Oslo;1101;Tokerud skole;A;Arbeiderpartiet;35,62842;4914;917;326
03;Oslo;0301;Oslo;1101;Tokerud skole;SV;SV - Sosialistisk Venstreparti;17,04918;4914;917;156
03;Oslo;0301;Oslo;1101;Tokerud skole;RØDT;Rødt;11,80328;4914;917;108
03;Oslo;0301;Oslo;1101;Tokerud skole;SP;Senterpartiet;5,46448;4914;917;50
03;Oslo;0301;Oslo;1101;Tokerud skole;KRF;Kristelig Folkeparti;2,0765;4914;917;19
03;Oslo;0301;Oslo;1101;Tokerud skole;MDG;Miljøpartiet De Grønne;1,53005;4914;917;14
03;Oslo;0301;Oslo;1101;Tokerud skole;V;Venstre;1,63934;4914;917;15
03;Oslo;0301;Oslo;1101;Tokerud skole;H;Høyre;11,03825;4914;917;101
03;Oslo;0301;Oslo;1101;Tokerud skole;FRP;Fremskrittspartiet;7,65027;4914;917;70
03;Oslo;0301;Oslo;1101;Tokerud skole;AAN;Alliansen - Alternativ for Norge;0,10929;4914;917;1
03;Oslo;0301;Oslo;1101;Tokerud skole;DEMN;Demokratene;0,54645;4914;917;5
03;Oslo;0301;Oslo;1101;Tokerud skole;FNB;Folkeaksjonen Nei til mer bompenger;0,87432;4914;917;8
03;Oslo;0301;Oslo;1101;Tokerud skole;HELSE;Helsepartiet;0,10929;4914;917;1
03;Oslo;0301;Oslo;1101;Tokerud skole;INP;Industri- og Næringspartiet;0,32787;4914;917;3
03;Oslo;0301;Oslo;1101;Tokerud skole;KRISTNE;Partiet De Kristne;0,87432;4914;917;8
03;Oslo;0301;Oslo;1101;Tokerud skole;KYST;Kystpartiet;0,0;4914;917;0
03;Oslo;0301;Oslo;1101;Tokerud skole;LIBS;Liberalistene;0,10929;4914;917;1
03;Oslo;0301;Oslo;1101;Tokerud skole;NKP;Norges Kommunistiske Parti;0,0;4914;917;0
03;Oslo;0301;Oslo;1101;Tokerud skole;PIR;Piratpartiet;0,32787;4914;917;3
03;Oslo;0301;Oslo;1101;Tokerud skole;PP;Pensjonistpartiet;1,20219;4914;917;11
03;Oslo;0301;Oslo;1101;Tokerud skole;PS;Partiet Sentrum;1,63934;4914;917;15
03;Oslo;0301;Oslo;1101;Tokerud skole;BLANKE;Blanke;0,21858;4914;917;2
03;Oslo;0301;Oslo;1101;Tokerud skole;FI;Feministisk Initiativ;0,0;4914;917;0
03;Oslo;0301;Oslo;1101;Tokerud skole;Andre;Andre;6,12022;4914;917;56
03;Oslo;0301;Oslo;1101;Tokerud skole;Andre2;Andre2;0,0;4914;917;0
03;Oslo;0301;Oslo;1102;Stovner videregående skole;A;Arbeiderpartiet;39,77695;3531;1085;428
03;Oslo;0301;Oslo;1102;Stovner videregående skole;SV;SV - Sosialistisk Venstreparti;17,19331;3531;1085;185
03;Oslo;0301;Oslo;1102;Stovner videregående skole;RØDT;Rødt;11,98885;3531;1085;129
03;Oslo;0301;Oslo;1102;Stovner videregående skole;SP;Senterpartiet;3,99628;3531;1085;43
03;Oslo;0301;Oslo;1102;Stovner videregående skole;KRF;Kristelig Folkeparti;2,23048;3531;1085;24
03;Oslo;0301;Oslo;1102;Stovner videregående skole;MDG;Miljøpartiet De Grønne;1,85874;3531;1085;20
03;Oslo;0301;Oslo;1102;Stovner videregående skole;V;Venstre;2,13755;3531;1085;23
03;Oslo;0301;Oslo;1102;Stovner videregående skole;H;Høyre;9,57249;3531;1085;103
03;Oslo;0301;Oslo;1102;Stovner videregående skole;FRP;Fremskrittspartiet;6,87732;3531;1085;74
03;Oslo;0301;Oslo;1102;Stovner videregående skole;AAN;Alliansen - Alternativ for Norge;0,46468;3531;1085;5
03;Oslo;0301;Oslo;1102;Stovner videregående skole;DEMN;Demokratene;0,27881;3531;1085;3
03;Oslo;0301;Oslo;1102;Stovner videregående skole;FNB;Folkeaksjonen Nei til mer bompenger;0,74349;3531;1085;8
03;Oslo;0301;Oslo;1102;Stovner videregående skole;HELSE;Helsepartiet;0,46468;3531;1085;5
03;Oslo;0301;Oslo;1102;Stovner videregående skole;INP;Industri- og Næringspartiet;0,0;3531;1085;0
03;Oslo;0301;Oslo;1102;Stovner videregående skole;KRISTNE;Partiet De Kristne;0,18587;3531;1085;2
03;Oslo;0301;Oslo;1102;Stovner videregående skole;KYST;Kystpartiet;0,0;3531;1085;0
03;Oslo;0301;Oslo;1102;Stovner videregående skole;LIBS;Liberalistene;0,0;3531;1085;0
03;Oslo;0301;Oslo;1102;Stovner videregående skole;NKP;Norges Kommunistiske Parti;0,0;3531;1085;0
03;Oslo;0301;Oslo;1102;Stovner videregående skole;PIR;Piratpartiet;0,09294;3531;1085;1
03;Oslo;0301;Oslo;1102;Stovner videregående skole;PP;Pensjonistpartiet;1,0223;3531;1085;11
03;Oslo;0301;Oslo;1102;Stovner videregående skole;PS;Partiet Sentrum;1,11524;3531;1085;12
03;Oslo;0301;Oslo;1102;Stovner videregående skole;BLANKE;Blanke;0,83643;3531;1085;9
03;Oslo;0301;Oslo;1102;Stovner videregående skole;FI;Feministisk Initiativ;0,0;3531;1085;0
03;Oslo;0301;Oslo;1102;Stovner videregående skole;Andre;Andre;4,36803;3531;1085;47
03;Oslo;0301;Oslo;1102;Stovner videregående skole;Andre2;Andre2;0,0;3531;1085;0
03;Oslo;0301;Oslo;1103;Stovner skole;A;Arbeiderpartiet;34,0055;6149;1100;371
03;Oslo;0301;Oslo;1103;Stovner skole;SV;SV - Sosialistisk Venstreparti;12,46563;6149;1100;136
03;Oslo;0301;Oslo;1103;Stovner skole;RØDT;Rødt;7,05775;6149;1100;77
03;Oslo;0301;Oslo;1103;Stovner skole;SP;Senterpartiet;5,5912;6149;1100;61
03;Oslo;0301;Oslo;1103;Stovner skole;KRF;Kristelig Folkeparti;2,19982;6149;1100;24
03;Oslo;0301;Oslo;1103;Stovner skole;MDG;Miljøpartiet De Grønne;1,09991;6149;1100;12
03;Oslo;0301;Oslo;1103;Stovner skole;V;Venstre;3,29973;6149;1100;36
03;Oslo;0301;Oslo;1103;Stovner skole;H;Høyre;18,97342;6149;1100;207
03;Oslo;0301;Oslo;1103;Stovner skole;FRP;Fremskrittspartiet;10,72411;6149;1100;117
03;Oslo;0301;Oslo;1103;Stovner skole;AAN;Alliansen - Alternativ for Norge;0,0;6149;1100;0
03;Oslo;0301;Oslo;1103;Stovner skole;DEMN;Demokratene;1,19157;6149;1100;13
03;Oslo;0301;Oslo;1103;Stovner skole;FNB;Folkeaksjonen Nei til mer bompenger;0,64161;6149;1100;7
03;Oslo;0301;Oslo;1103;Stovner skole;HELSE;Helsepartiet;0,18332;6149;1100;2
03;Oslo;0301;Oslo;1103;Stovner skole;INP;Industri- og Næringspartiet;0,09166;6149;1100;1
03;Oslo;0301;Oslo;1103;Stovner skole;KRISTNE;Partiet De Kristne;0,36664;6149;1100;4
03;Oslo;0301;Oslo;1103;Stovner skole;KYST;Kystpartiet;0,09166;6149;1100;1
03;Oslo;0301;Oslo;1103;Stovner skole;LIBS;Liberalistene;0,09166;6149;1100;1
03;Oslo;0301;Oslo;1103;Stovner skole;NKP;Norges Kommunistiske Parti;0,0;6149;1100;0
03;Oslo;0301;Oslo;1103;Stovner skole;PIR;Piratpartiet;0,09166;6149;1100;1
03;Oslo;0301;Oslo;1103;Stovner skole;PP;Pensjonistpartiet;0,64161;6149;1100;7
03;Oslo;0301;Oslo;1103;Stovner skole;PS;Partiet Sentrum;1,19157;6149;1100;13
03;Oslo;0301;Oslo;1103;Stovner skole;BLANKE;Blanke;0,82493;6149;1100;9
03;Oslo;0301;Oslo;1103;Stovner skole;FI;Feministisk Initiativ;0,0;6149;1100;0
03;Oslo;0301;Oslo;1103;Stovner skole;Andre;Andre;4,58295;6149;1100;50
03;Oslo;0301;Oslo;1103;Stovner skole;Andre2;Andre2;0,0;6149;1100;0
03;Oslo;0301;Oslo;1104;Stasjonsfjellet skole;A;Arbeiderpartiet;40,27027;2517;375;149
03;Oslo;0301;Oslo;1104;Stasjonsfjellet skole;SV;SV - Sosialistisk Venstreparti;7,02703;2517;375;26
03;Oslo;0301;Oslo;1104;Stasjonsfjellet skole;RØDT;Rødt;7,83784;2517;375;29
03;Oslo;0301;Oslo;1104;Stasjonsfjellet skole;SP;Senterpartiet;6,21622;2517;375;23
03;Oslo;0301;Oslo;1104;Stasjonsfjellet skole;KRF;Kristelig Folkeparti;2,16216;2517;375;8
03;Oslo;0301;Oslo;1104;Stasjonsfjellet skole;MDG;Miljøpartiet De Grønne;2,7027;2517;375;10
03;Oslo;0301;Oslo;1104;Stasjonsfjellet skole;V;Venstre;4,59459;2517;375;17
03;Oslo;0301;Oslo;1104;Stasjonsfjellet skole;H;Høyre;14,32432;2517;375;53
03;Oslo;0301;Oslo;1104;Stasjonsfjellet skole;FRP;Fremskrittspartiet;10,81081;2517;375;40
03;Oslo;0301;Oslo;1104;Stasjonsfjellet skole;AAN;Alliansen - Alternativ for Norge;0,0;2517;375;0
03;Oslo;0301;Oslo;1104;Stasjonsfjellet skole;DEMN;Demokratene;0,27027;2517;375;1
03;Oslo;0301;Oslo;1104;Stasjonsfjellet skole;FNB;Folkeaksjonen Nei til mer bompenger;0,27027;2517;375;1
03;Oslo;0301;Oslo;1104;Stasjonsfjellet skole;HELSE;Helsepartiet;0,54054;2517;375;2
03;Oslo;0301;Oslo;1104;Stasjonsfjellet skole;INP;Industri- og Næringspartiet;0,27027;2517;375;1
03;Oslo;0301;Oslo;1104;Stasjonsfjellet skole;KRISTNE;Partiet De Kristne;0,27027;2517;375;1
03;Oslo;0301;Oslo;1104;Stasjonsfjellet skole;KYST;Kystpartiet;0,0;2517;375;0
03;Oslo;0301;Oslo;1104;Stasjonsfjellet skole;LIBS;Liberalistene;0,54054;2517;375;2
03;Oslo;0301;Oslo;1104;Stasjonsfjellet skole;NKP;Norges Kommunistiske Parti;0,0;2517;375;0
03;Oslo;0301;Oslo;1104;Stasjonsfjellet skole;PIR;Piratpartiet;0,0;2517;375;0
03;Oslo;0301;Oslo;1104;Stasjonsfjellet skole;PP;Pensjonistpartiet;0,54054;2517;375;2
03;Oslo;0301;Oslo;1104;Stasjonsfjellet skole;PS;Partiet Sentrum;1,35135;2517;375;5
03;Oslo;0301;Oslo;1104;Stasjonsfjellet skole;BLANKE;Blanke;1,35135;2517;375;5
03;Oslo;0301;Oslo;1104;Stasjonsfjellet skole;FI;Feministisk Initiativ;0,0;2517;375;0
03;Oslo;0301;Oslo;1104;Stasjonsfjellet skole;Andre;Andre;4,05405;2517;375;15
03;Oslo;0301;Oslo;1104;Stasjonsfjellet skole;Andre2;Andre2;0,0;2517;375;0
03;Oslo;0301;Oslo;1105;Folkvang Høybråten;A;Arbeiderpartiet;32,44887;5016;1818;587
03;Oslo;0301;Oslo;1105;Folkvang Høybråten;SV;SV - Sosialistisk Venstreparti;6,85462;5016;1818;124
03;Oslo;0301;Oslo;1105;Folkvang Høybråten;RØDT;Rødt;4,97512;5016;1818;90
03;Oslo;0301;Oslo;1105;Folkvang Høybråten;SP;Senterpartiet;5,25152;5016;1818;95
03;Oslo;0301;Oslo;1105;Folkvang Høybråten;KRF;Kristelig Folkeparti;2,98507;5016;1818;54
03;Oslo;0301;Oslo;1105;Folkvang Høybråten;MDG;Miljøpartiet De Grønne;2,377;5016;1818;43
03;Oslo;0301;Oslo;1105;Folkvang Høybråten;V;Venstre;5,52792;5016;1818;100
03;Oslo;0301;Oslo;1105;Folkvang Høybråten;H;Høyre;23,49364;5016;1818;425
03;Oslo;0301;Oslo;1105;Folkvang Høybråten;FRP;Fremskrittspartiet;11,99558;5016;1818;217
03;Oslo;0301;Oslo;1105;Folkvang Høybråten;AAN;Alliansen - Alternativ for Norge;0,0;5016;1818;0
03;Oslo;0301;Oslo;1105;Folkvang Høybråten;DEMN;Demokratene;0,77391;5016;1818;14
03;Oslo;0301;Oslo;1105;Folkvang Høybråten;FNB;Folkeaksjonen Nei til mer bompenger;0,82919;5016;1818;15
03;Oslo;0301;Oslo;1105;Folkvang Høybråten;HELSE;Helsepartiet;0,38695;5016;1818;7
03;Oslo;0301;Oslo;1105;Folkvang Høybråten;INP;Industri- og Næringspartiet;0,11056;5016;1818;2
03;Oslo;0301;Oslo;1105;Folkvang Høybråten;KRISTNE;Partiet De Kristne;0,05528;5016;1818;1
03;Oslo;0301;Oslo;1105;Folkvang Høybråten;KYST;Kystpartiet;0,0;5016;1818;0
03;Oslo;0301;Oslo;1105;Folkvang Høybråten;LIBS;Liberalistene;0,11056;5016;1818;2
03;Oslo;0301;Oslo;1105;Folkvang Høybråten;NKP;Norges Kommunistiske Parti;0,0;5016;1818;0
03;Oslo;0301;Oslo;1105;Folkvang Høybråten;PIR;Piratpartiet;0,22112;5016;1818;4
03;Oslo;0301;Oslo;1105;Folkvang Høybråten;PP;Pensjonistpartiet;0,38695;5016;1818;7
03;Oslo;0301;Oslo;1105;Folkvang Høybråten;PS;Partiet Sentrum;1,21614;5016;1818;22
03;Oslo;0301;Oslo;1105;Folkvang Høybråten;BLANKE;Blanke;0,49751;5016;1818;9
03;Oslo;0301;Oslo;1105;Folkvang Høybråten;FI;Feministisk Initiativ;0,0;5016;1818;0
03;Oslo;0301;Oslo;1105;Folkvang Høybråten;Andre;Andre;4,09066;5016;1818;74
03;Oslo;0301;Oslo;1105;Folkvang Høybråten;Andre2;Andre2;0,0;5016;1818;0
03;Oslo;0301;Oslo;1201;Ellingsrudåsen skole;A;Arbeiderpartiet;35,37313;4850;1353;474
03;Oslo;0301;Oslo;1201;Ellingsrudåsen skole;SV;SV - Sosialistisk Venstreparti;13,0597;4850;1353;175
03;Oslo;0301;Oslo;1201;Ellingsrudåsen skole;RØDT;Rødt;7,76119;4850;1353;104
03;Oslo;0301;Oslo;1201;Ellingsrudåsen skole;SP;Senterpartiet;7,01493;4850;1353;94
03;Oslo;0301;Oslo;1201;Ellingsrudåsen skole;KRF;Kristelig Folkeparti;1,64179;4850;1353;22
03;Oslo;0301;Oslo;1201;Ellingsrudåsen skole;MDG;Miljøpartiet De Grønne;2,83582;4850;1353;38
03;Oslo;0301;Oslo;1201;Ellingsrudåsen skole;V;Venstre;3,80597;4850;1353;51
03;Oslo;0301;Oslo;1201;Ellingsrudåsen skole;H;Høyre;13,28358;4850;1353;178
03;Oslo;0301;Oslo;1201;Ellingsrudåsen skole;FRP;Fremskrittspartiet;10,74627;4850;1353;144
03;Oslo;0301;Oslo;1201;Ellingsrudåsen skole;AAN;Alliansen - Alternativ for Norge;0,07463;4850;1353;1
03;Oslo;0301;Oslo;1201;Ellingsrudåsen skole;DEMN;Demokratene;1,04478;4850;1353;14
03;Oslo;0301;Oslo;1201;Ellingsrudåsen skole;FNB;Folkeaksjonen Nei til mer bompenger;0,8209;4850;1353;11
03;Oslo;0301;Oslo;1201;Ellingsrudåsen skole;HELSE;Helsepartiet;0,22388;4850;1353;3
03;Oslo;0301;Oslo;1201;Ellingsrudåsen skole;INP;Industri- og Næringspartiet;0,14925;4850;1353;2
03;Oslo;0301;Oslo;1201;Ellingsrudåsen skole;KRISTNE;Partiet De Kristne;0,14925;4850;1353;2
03;Oslo;0301;Oslo;1201;Ellingsrudåsen skole;KYST;Kystpartiet;0,14925;4850;1353;2
03;Oslo;0301;Oslo;1201;Ellingsrudåsen skole;LIBS;Liberalistene;0,0;4850;1353;0
03;Oslo;0301;Oslo;1201;Ellingsrudåsen skole;NKP;Norges Kommunistiske Parti;0,0;4850;1353;0
03;Oslo;0301;Oslo;1201;Ellingsrudåsen skole;PIR;Piratpartiet;0,22388;4850;1353;3
03;Oslo;0301;Oslo;1201;Ellingsrudåsen skole;PP;Pensjonistpartiet;0,44776;4850;1353;6
03;Oslo;0301;Oslo;1201;Ellingsrudåsen skole;PS;Partiet Sentrum;1,1194;4850;1353;15
03;Oslo;0301;Oslo;1201;Ellingsrudåsen skole;BLANKE;Blanke;0,97015;4850;1353;13
03;Oslo;0301;Oslo;1201;Ellingsrudåsen skole;FI;Feministisk Initiativ;0,07463;4850;1353;1
03;Oslo;0301;Oslo;1201;Ellingsrudåsen skole;Andre;Andre;4,47761;4850;1353;60
03;Oslo;0301;Oslo;1201;Ellingsrudåsen skole;Andre2;Andre2;0,0;4850;1353;0
03;Oslo;0301;Oslo;1202;Furuset idrettshall;A;Arbeiderpartiet;39,10891;5401;817;316
03;Oslo;0301;Oslo;1202;Furuset idrettshall;SV;SV - Sosialistisk Venstreparti;16,21287;5401;817;131
03;Oslo;0301;Oslo;1202;Furuset idrettshall;RØDT;Rødt;11,01485;5401;817;89
03;Oslo;0301;Oslo;1202;Furuset idrettshall;SP;Senterpartiet;7,79703;5401;817;63
03;Oslo;0301;Oslo;1202;Furuset idrettshall;KRF;Kristelig Folkeparti;1,85644;5401;817;15
03;Oslo;0301;Oslo;1202;Furuset idrettshall;MDG;Miljøpartiet De Grønne;2,22772;5401;817;18
03;Oslo;0301;Oslo;1202;Furuset idrettshall;V;Venstre;3,9604;5401;817;32
03;Oslo;0301;Oslo;1202;Furuset idrettshall;H;Høyre;7,17822;5401;817;58
03;Oslo;0301;Oslo;1202;Furuset idrettshall;FRP;Fremskrittspartiet;4,33168;5401;817;35
03;Oslo;0301;Oslo;1202;Furuset idrettshall;AAN;Alliansen - Alternativ for Norge;0,0;5401;817;0
03;Oslo;0301;Oslo;1202;Furuset idrettshall;DEMN;Demokratene;0,61881;5401;817;5
03;Oslo;0301;Oslo;1202;Furuset idrettshall;FNB;Folkeaksjonen Nei til mer bompenger;0,9901;5401;817;8
03;Oslo;0301;Oslo;1202;Furuset idrettshall;HELSE;Helsepartiet;0,0;5401;817;0
03;Oslo;0301;Oslo;1202;Furuset idrettshall;INP;Industri- og Næringspartiet;0,0;5401;817;0
03;Oslo;0301;Oslo;1202;Furuset idrettshall;KRISTNE;Partiet De Kristne;0,12376;5401;817;1
03;Oslo;0301;Oslo;1202;Furuset idrettshall;KYST;Kystpartiet;0,0;5401;817;0
03;Oslo;0301;Oslo;1202;Furuset idrettshall;LIBS;Liberalistene;0,12376;5401;817;1
03;Oslo;0301;Oslo;1202;Furuset idrettshall;NKP;Norges Kommunistiske Parti;0,12376;5401;817;1
03;Oslo;0301;Oslo;1202;Furuset idrettshall;PIR;Piratpartiet;0,37129;5401;817;3
03;Oslo;0301;Oslo;1202;Furuset idrettshall;PP;Pensjonistpartiet;0,37129;5401;817;3
03;Oslo;0301;Oslo;1202;Furuset idrettshall;PS;Partiet Sentrum;3,58911;5401;817;29
03;Oslo;0301;Oslo;1202;Furuset idrettshall;BLANKE;Blanke;1,11386;5401;817;9
03;Oslo;0301;Oslo;1202;Furuset idrettshall;FI;Feministisk Initiativ;0,0;5401;817;0
03;Oslo;0301;Oslo;1202;Furuset idrettshall;Andre;Andre;6,31188;5401;817;51
03;Oslo;0301;Oslo;1202;Furuset idrettshall;Andre2;Andre2;0,0;5401;817;0
03;Oslo;0301;Oslo;1203;Furuset skole;A;Arbeiderpartiet;36,54189;1821;568;205
03;Oslo;0301;Oslo;1203;Furuset skole;SV;SV - Sosialistisk Venstreparti;15,86453;1821;568;89
03;Oslo;0301;Oslo;1203;Furuset skole;RØDT;Rødt;8,19964;1821;568;46
03;Oslo;0301;Oslo;1203;Furuset skole;SP;Senterpartiet;7,66488;1821;568;43
03;Oslo;0301;Oslo;1203;Furuset skole;KRF;Kristelig Folkeparti;2,13904;1821;568;12
03;Oslo;0301;Oslo;1203;Furuset skole;MDG;Miljøpartiet De Grønne;2,85205;1821;568;16
03;Oslo;0301;Oslo;1203;Furuset skole;V;Venstre;5,88235;1821;568;33
03;Oslo;0301;Oslo;1203;Furuset skole;H;Høyre;11,05169;1821;568;62
03;Oslo;0301;Oslo;1203;Furuset skole;FRP;Fremskrittspartiet;5,52585;1821;568;31
03;Oslo;0301;Oslo;1203;Furuset skole;AAN;Alliansen - Alternativ for Norge;0,17825;1821;568;1
03;Oslo;0301;Oslo;1203;Furuset skole;DEMN;Demokratene;0,17825;1821;568;1
03;Oslo;0301;Oslo;1203;Furuset skole;FNB;Folkeaksjonen Nei til mer bompenger;1,06952;1821;568;6
03;Oslo;0301;Oslo;1203;Furuset skole;HELSE;Helsepartiet;0,35651;1821;568;2
03;Oslo;0301;Oslo;1203;Furuset skole;INP;Industri- og Næringspartiet;0,0;1821;568;0
03;Oslo;0301;Oslo;1203;Furuset skole;KRISTNE;Partiet De Kristne;0,0;1821;568;0
03;Oslo;0301;Oslo;1203;Furuset skole;KYST;Kystpartiet;0,0;1821;568;0
03;Oslo;0301;Oslo;1203;Furuset skole;LIBS;Liberalistene;0,35651;1821;568;2
03;Oslo;0301;Oslo;1203;Furuset skole;NKP;Norges Kommunistiske Parti;0,0;1821;568;0
03;Oslo;0301;Oslo;1203;Furuset skole;PIR;Piratpartiet;0,0;1821;568;0
03;Oslo;0301;Oslo;1203;Furuset skole;PP;Pensjonistpartiet;0,35651;1821;568;2
03;Oslo;0301;Oslo;1203;Furuset skole;PS;Partiet Sentrum;1,78253;1821;568;10
03;Oslo;0301;Oslo;1203;Furuset skole;BLANKE;Blanke;1,24777;1821;568;7
03;Oslo;0301;Oslo;1203;Furuset skole;FI;Feministisk Initiativ;0,0;1821;568;0
03;Oslo;0301;Oslo;1203;Furuset skole;Andre;Andre;4,27807;1821;568;24
03;Oslo;0301;Oslo;1203;Furuset skole;Andre2;Andre2;0,0;1821;568;0
03;Oslo;0301;Oslo;1204;Lindeberg skole;A;Arbeiderpartiet;35,8724;5114;1546;551
03;Oslo;0301;Oslo;1204;Lindeberg skole;SV;SV - Sosialistisk Venstreparti;16,34115;5114;1546;251
03;Oslo;0301;Oslo;1204;Lindeberg skole;RØDT;Rødt;10,67708;5114;1546;164
03;Oslo;0301;Oslo;1204;Lindeberg skole;SP;Senterpartiet;5,72917;5114;1546;88
03;Oslo;0301;Oslo;1204;Lindeberg skole;KRF;Kristelig Folkeparti;2,73438;5114;1546;42
03;Oslo;0301;Oslo;1204;Lindeberg skole;MDG;Miljøpartiet De Grønne;3,64583;5114;1546;56
03;Oslo;0301;Oslo;1204;Lindeberg skole;V;Venstre;3,25521;5114;1546;50
03;Oslo;0301;Oslo;1204;Lindeberg skole;H;Høyre;9,3099;5114;1546;143
03;Oslo;0301;Oslo;1204;Lindeberg skole;FRP;Fremskrittspartiet;7,09635;5114;1546;109
03;Oslo;0301;Oslo;1204;Lindeberg skole;AAN;Alliansen - Alternativ for Norge;0,0651;5114;1546;1
03;Oslo;0301;Oslo;1204;Lindeberg skole;DEMN;Demokratene;0,58594;5114;1546;9
03;Oslo;0301;Oslo;1204;Lindeberg skole;FNB;Folkeaksjonen Nei til mer bompenger;1,30208;5114;1546;20
03;Oslo;0301;Oslo;1204;Lindeberg skole;HELSE;Helsepartiet;0,39063;5114;1546;6
03;Oslo;0301;Oslo;1204;Lindeberg skole;INP;Industri- og Næringspartiet;0,19531;5114;1546;3
03;Oslo;0301;Oslo;1204;Lindeberg skole;KRISTNE;Partiet De Kristne;0,13021;5114;1546;2
03;Oslo;0301;Oslo;1204;Lindeberg skole;KYST;Kystpartiet;0,0;5114;1546;0
03;Oslo;0301;Oslo;1204;Lindeberg skole;LIBS;Liberalistene;0,13021;5114;1546;2
03;Oslo;0301;Oslo;1204;Lindeberg skole;NKP;Norges Kommunistiske Parti;0,0;5114;1546;0
03;Oslo;0301;Oslo;1204;Lindeberg skole;PIR;Piratpartiet;0,0651;5114;1546;1
03;Oslo;0301;Oslo;1204;Lindeberg skole;PP;Pensjonistpartiet;0,45573;5114;1546;7
03;Oslo;0301;Oslo;1204;Lindeberg skole;PS;Partiet Sentrum;2,01823;5114;1546;31
03;Oslo;0301;Oslo;1204;Lindeberg skole;BLANKE;Blanke;0,65104;5114;1546;10
03;Oslo;0301;Oslo;1204;Lindeberg skole;FI;Feministisk Initiativ;0,0;5114;1546;0
03;Oslo;0301;Oslo;1204;Lindeberg skole;Andre;Andre;5,33854;5114;1546;82
03;Oslo;0301;Oslo;1204;Lindeberg skole;Andre2;Andre2;0,0;5114;1546;0
03;Oslo;0301;Oslo;1205;Haukåsen skole;A;Arbeiderpartiet;32,77616;6024;1383;451
03;Oslo;0301;Oslo;1205;Haukåsen skole;SV;SV - Sosialistisk Venstreparti;15,18895;6024;1383;209
03;Oslo;0301;Oslo;1205;Haukåsen skole;RØDT;Rødt;9,9564;6024;1383;137
03;Oslo;0301;Oslo;1205;Haukåsen skole;SP;Senterpartiet;5,74128;6024;1383;79
03;Oslo;0301;Oslo;1205;Haukåsen skole;KRF;Kristelig Folkeparti;2,25291;6024;1383;31
03;Oslo;0301;Oslo;1205;Haukåsen skole;MDG;Miljøpartiet De Grønne;4,50581;6024;1383;62
03;Oslo;0301;Oslo;1205;Haukåsen skole;V;Venstre;3,85174;6024;1383;53
03;Oslo;0301;Oslo;1205;Haukåsen skole;H;Høyre;13,00872;6024;1383;179
03;Oslo;0301;Oslo;1205;Haukåsen skole;FRP;Fremskrittspartiet;8,06686;6024;1383;111
03;Oslo;0301;Oslo;1205;Haukåsen skole;AAN;Alliansen - Alternativ for Norge;0,14535;6024;1383;2
03;Oslo;0301;Oslo;1205;Haukåsen skole;DEMN;Demokratene;0,50872;6024;1383;7
03;Oslo;0301;Oslo;1205;Haukåsen skole;FNB;Folkeaksjonen Nei til mer bompenger;1,16279;6024;1383;16
03;Oslo;0301;Oslo;1205;Haukåsen skole;HELSE;Helsepartiet;0,14535;6024;1383;2
03;Oslo;0301;Oslo;1205;Haukåsen skole;INP;Industri- og Næringspartiet;0,14535;6024;1383;2
03;Oslo;0301;Oslo;1205;Haukåsen skole;KRISTNE;Partiet De Kristne;0,07267;6024;1383;1
03;Oslo;0301;Oslo;1205;Haukåsen skole;KYST;Kystpartiet;0,0;6024;1383;0
03;Oslo;0301;Oslo;1205;Haukåsen skole;LIBS;Liberalistene;0,07267;6024;1383;1
03;Oslo;0301;Oslo;1205;Haukåsen skole;NKP;Norges Kommunistiske Parti;0,0;6024;1383;0
03;Oslo;0301;Oslo;1205;Haukåsen skole;PIR;Piratpartiet;0,14535;6024;1383;2
03;Oslo;0301;Oslo;1205;Haukåsen skole;PP;Pensjonistpartiet;0,79942;6024;1383;11
03;Oslo;0301;Oslo;1205;Haukåsen skole;PS;Partiet Sentrum;1,23547;6024;1383;17
03;Oslo;0301;Oslo;1205;Haukåsen skole;BLANKE;Blanke;0,50872;6024;1383;7
03;Oslo;0301;Oslo;1205;Haukåsen skole;FI;Feministisk Initiativ;0,21802;6024;1383;3
03;Oslo;0301;Oslo;1205;Haukåsen skole;Andre;Andre;4,65116;6024;1383;64
03;Oslo;0301;Oslo;1205;Haukåsen skole;Andre2;Andre2;0,0;6024;1383;0
03;Oslo;0301;Oslo;1206;Hellerud videregående skole;A;Arbeiderpartiet;31,51441;6275;1642;514
03;Oslo;0301;Oslo;1206;Hellerud videregående skole;SV;SV - Sosialistisk Venstreparti;12,81422;6275;1642;209
03;Oslo;0301;Oslo;1206;Hellerud videregående skole;RØDT;Rødt;8,39975;6275;1642;137
03;Oslo;0301;Oslo;1206;Hellerud videregående skole;SP;Senterpartiet;5,5794;6275;1642;91
03;Oslo;0301;Oslo;1206;Hellerud videregående skole;KRF;Kristelig Folkeparti;1,47149;6275;1642;24
03;Oslo;0301;Oslo;1206;Hellerud videregående skole;MDG;Miljøpartiet De Grønne;4,23053;6275;1642;69
03;Oslo;0301;Oslo;1206;Hellerud videregående skole;V;Venstre;6,43777;6275;1642;105
03;Oslo;0301;Oslo;1206;Hellerud videregående skole;H;Høyre;17,7805;6275;1642;290
03;Oslo;0301;Oslo;1206;Hellerud videregående skole;FRP;Fremskrittspartiet;6,80564;6275;1642;111
03;Oslo;0301;Oslo;1206;Hellerud videregående skole;AAN;Alliansen - Alternativ for Norge;0,12262;6275;1642;2
03;Oslo;0301;Oslo;1206;Hellerud videregående skole;DEMN;Demokratene;0,73574;6275;1642;12
03;Oslo;0301;Oslo;1206;Hellerud videregående skole;FNB;Folkeaksjonen Nei til mer bompenger;1,10362;6275;1642;18
03;Oslo;0301;Oslo;1206;Hellerud videregående skole;HELSE;Helsepartiet;0,12262;6275;1642;2
03;Oslo;0301;Oslo;1206;Hellerud videregående skole;INP;Industri- og Næringspartiet;0,36787;6275;1642;6
03;Oslo;0301;Oslo;1206;Hellerud videregående skole;KRISTNE;Partiet De Kristne;0,06131;6275;1642;1
03;Oslo;0301;Oslo;1206;Hellerud videregående skole;KYST;Kystpartiet;0,0;6275;1642;0
03;Oslo;0301;Oslo;1206;Hellerud videregående skole;LIBS;Liberalistene;0,24525;6275;1642;4
03;Oslo;0301;Oslo;1206;Hellerud videregående skole;NKP;Norges Kommunistiske Parti;0,06131;6275;1642;1
03;Oslo;0301;Oslo;1206;Hellerud videregående skole;PIR;Piratpartiet;0,06131;6275;1642;1
03;Oslo;0301;Oslo;1206;Hellerud videregående skole;PP;Pensjonistpartiet;0,4905;6275;1642;8
03;Oslo;0301;Oslo;1206;Hellerud videregående skole;PS;Partiet Sentrum;1,28755;6275;1642;21
03;Oslo;0301;Oslo;1206;Hellerud videregående skole;BLANKE;Blanke;0,67443;6275;1642;11
03;Oslo;0301;Oslo;1206;Hellerud videregående skole;FI;Feministisk Initiativ;0,30656;6275;1642;5
03;Oslo;0301;Oslo;1206;Hellerud videregående skole;Andre;Andre;4,96628;6275;1642;81
03;Oslo;0301;Oslo;1206;Hellerud videregående skole;Andre2;Andre2;0,0;6275;1642;0
03;Oslo;0301;Oslo;1207;Bryn skole;A;Arbeiderpartiet;31,00511;3844;1185;364
03;Oslo;0301;Oslo;1207;Bryn skole;SV;SV - Sosialistisk Venstreparti;13,37308;3844;1185;157
03;Oslo;0301;Oslo;1207;Bryn skole;RØDT;Rødt;8,8586;3844;1185;104
03;Oslo;0301;Oslo;1207;Bryn skole;SP;Senterpartiet;4,8552;3844;1185;57
03;Oslo;0301;Oslo;1207;Bryn skole;KRF;Kristelig Folkeparti;2,47019;3844;1185;29
03;Oslo;0301;Oslo;1207;Bryn skole;MDG;Miljøpartiet De Grønne;4,4293;3844;1185;52
03;Oslo;0301;Oslo;1207;Bryn skole;V;Venstre;7,6661;3844;1185;90
03;Oslo;0301;Oslo;1207;Bryn skole;H;Høyre;15,41738;3844;1185;181
03;Oslo;0301;Oslo;1207;Bryn skole;FRP;Fremskrittspartiet;7,58092;3844;1185;89
03;Oslo;0301;Oslo;1207;Bryn skole;AAN;Alliansen - Alternativ for Norge;0,0;3844;1185;0
03;Oslo;0301;Oslo;1207;Bryn skole;DEMN;Demokratene;1,44804;3844;1185;17
03;Oslo;0301;Oslo;1207;Bryn skole;FNB;Folkeaksjonen Nei til mer bompenger;0,59625;3844;1185;7
03;Oslo;0301;Oslo;1207;Bryn skole;HELSE;Helsepartiet;0,17036;3844;1185;2
03;Oslo;0301;Oslo;1207;Bryn skole;INP;Industri- og Næringspartiet;0,0;3844;1185;0
03;Oslo;0301;Oslo;1207;Bryn skole;KRISTNE;Partiet De Kristne;0,25554;3844;1185;3
03;Oslo;0301;Oslo;1207;Bryn skole;KYST;Kystpartiet;0,0;3844;1185;0
03;Oslo;0301;Oslo;1207;Bryn skole;LIBS;Liberalistene;0,34072;3844;1185;4
03;Oslo;0301;Oslo;1207;Bryn skole;NKP;Norges Kommunistiske Parti;0,0;3844;1185;0
03;Oslo;0301;Oslo;1207;Bryn skole;PIR;Piratpartiet;0,08518;3844;1185;1
03;Oslo;0301;Oslo;1207;Bryn skole;PP;Pensjonistpartiet;0,68143;3844;1185;8
03;Oslo;0301;Oslo;1207;Bryn skole;PS;Partiet Sentrum;0,76661;3844;1185;9
03;Oslo;0301;Oslo;1207;Bryn skole;BLANKE;Blanke;0,93697;3844;1185;11
03;Oslo;0301;Oslo;1207;Bryn skole;FI;Feministisk Initiativ;0,0;3844;1185;0
03;Oslo;0301;Oslo;1207;Bryn skole;Andre;Andre;4,34412;3844;1185;51
03;Oslo;0301;Oslo;1207;Bryn skole;Andre2;Andre2;0,0;3844;1185;0
03;Oslo;0301;Oslo;1301;Godlia skole;A;Arbeiderpartiet;30,11905;3517;844;253
03;Oslo;0301;Oslo;1301;Godlia skole;SV;SV - Sosialistisk Venstreparti;13,33333;3517;844;112
03;Oslo;0301;Oslo;1301;Godlia skole;RØDT;Rødt;6,90476;3517;844;58
03;Oslo;0301;Oslo;1301;Godlia skole;SP;Senterpartiet;4,64286;3517;844;39
03;Oslo;0301;Oslo;1301;Godlia skole;KRF;Kristelig Folkeparti;1,30952;3517;844;11
03;Oslo;0301;Oslo;1301;Godlia skole;MDG;Miljøpartiet De Grønne;6,19048;3517;844;52
03;Oslo;0301;Oslo;1301;Godlia skole;V;Venstre;7,61905;3517;844;64
03;Oslo;0301;Oslo;1301;Godlia skole;H;Høyre;19,16667;3517;844;161
03;Oslo;0301;Oslo;1301;Godlia skole;FRP;Fremskrittspartiet;9,04762;3517;844;76
03;Oslo;0301;Oslo;1301;Godlia skole;AAN;Alliansen - Alternativ for Norge;0,0;3517;844;0
03;Oslo;0301;Oslo;1301;Godlia skole;DEMN;Demokratene;0,35714;3517;844;3
03;Oslo;0301;Oslo;1301;Godlia skole;FNB;Folkeaksjonen Nei til mer bompenger;0,11905;3517;844;1
03;Oslo;0301;Oslo;1301;Godlia skole;HELSE;Helsepartiet;0,2381;3517;844;2
03;Oslo;0301;Oslo;1301;Godlia skole;INP;Industri- og Næringspartiet;0,0;3517;844;0
03;Oslo;0301;Oslo;1301;Godlia skole;KRISTNE;Partiet De Kristne;0,0;3517;844;0
03;Oslo;0301;Oslo;1301;Godlia skole;KYST;Kystpartiet;0,0;3517;844;0
03;Oslo;0301;Oslo;1301;Godlia skole;LIBS;Liberalistene;0,0;3517;844;0
03;Oslo;0301;Oslo;1301;Godlia skole;NKP;Norges Kommunistiske Parti;0,0;3517;844;0
03;Oslo;0301;Oslo;1301;Godlia skole;PIR;Piratpartiet;0,2381;3517;844;2
03;Oslo;0301;Oslo;1301;Godlia skole;PP;Pensjonistpartiet;0,35714;3517;844;3
03;Oslo;0301;Oslo;1301;Godlia skole;PS;Partiet Sentrum;0,2381;3517;844;2
03;Oslo;0301;Oslo;1301;Godlia skole;BLANKE;Blanke;0,47619;3517;844;4
03;Oslo;0301;Oslo;1301;Godlia skole;FI;Feministisk Initiativ;0,11905;3517;844;1
03;Oslo;0301;Oslo;1301;Godlia skole;Andre;Andre;1,66667;3517;844;14
03;Oslo;0301;Oslo;1301;Godlia skole;Andre2;Andre2;0,0;3517;844;0
03;Oslo;0301;Oslo;1302;Trasop skole;A;Arbeiderpartiet;34,14634;2071;906;308
03;Oslo;0301;Oslo;1302;Trasop skole;SV;SV - Sosialistisk Venstreparti;11,6408;2071;906;105
03;Oslo;0301;Oslo;1302;Trasop skole;RØDT;Rødt;8,09313;2071;906;73
03;Oslo;0301;Oslo;1302;Trasop skole;SP;Senterpartiet;3,32594;2071;906;30
03;Oslo;0301;Oslo;1302;Trasop skole;KRF;Kristelig Folkeparti;1,77384;2071;906;16
03;Oslo;0301;Oslo;1302;Trasop skole;MDG;Miljøpartiet De Grønne;6,54102;2071;906;59
03;Oslo;0301;Oslo;1302;Trasop skole;V;Venstre;8,42572;2071;906;76
03;Oslo;0301;Oslo;1302;Trasop skole;H;Høyre;16,51885;2071;906;149
03;Oslo;0301;Oslo;1302;Trasop skole;FRP;Fremskrittspartiet;7,42794;2071;906;67
03;Oslo;0301;Oslo;1302;Trasop skole;AAN;Alliansen - Alternativ for Norge;0,11086;2071;906;1
03;Oslo;0301;Oslo;1302;Trasop skole;DEMN;Demokratene;0,44346;2071;906;4
03;Oslo;0301;Oslo;1302;Trasop skole;FNB;Folkeaksjonen Nei til mer bompenger;0,22173;2071;906;2
03;Oslo;0301;Oslo;1302;Trasop skole;HELSE;Helsepartiet;0,22173;2071;906;2
03;Oslo;0301;Oslo;1302;Trasop skole;INP;Industri- og Næringspartiet;0,22173;2071;906;2
03;Oslo;0301;Oslo;1302;Trasop skole;KRISTNE;Partiet De Kristne;0,0;2071;906;0
03;Oslo;0301;Oslo;1302;Trasop skole;KYST;Kystpartiet;0,0;2071;906;0
03;Oslo;0301;Oslo;1302;Trasop skole;LIBS;Liberalistene;0,33259;2071;906;3
03;Oslo;0301;Oslo;1302;Trasop skole;NKP;Norges Kommunistiske Parti;0,0;2071;906;0
03;Oslo;0301;Oslo;1302;Trasop skole;PIR;Piratpartiet;0,0;2071;906;0
03;Oslo;0301;Oslo;1302;Trasop skole;PP;Pensjonistpartiet;0,33259;2071;906;3
03;Oslo;0301;Oslo;1302;Trasop skole;PS;Partiet Sentrum;0,22173;2071;906;2
03;Oslo;0301;Oslo;1302;Trasop skole;BLANKE;Blanke;0,44346;2071;906;4
03;Oslo;0301;Oslo;1302;Trasop skole;FI;Feministisk Initiativ;0,0;2071;906;0
03;Oslo;0301;Oslo;1302;Trasop skole;Andre;Andre;2,10643;2071;906;19
03;Oslo;0301;Oslo;1302;Trasop skole;Andre2;Andre2;0,0;2071;906;0
03;Oslo;0301;Oslo;1303;Oppsal skole;A;Arbeiderpartiet;30,74034;5351;1870;573
03;Oslo;0301;Oslo;1303;Oppsal skole;SV;SV - Sosialistisk Venstreparti;14,37768;5351;1870;268
03;Oslo;0301;Oslo;1303;Oppsal skole;RØDT;Rødt;7,0279;5351;1870;131
03;Oslo;0301;Oslo;1303;Oppsal skole;SP;Senterpartiet;4,2382;5351;1870;79
03;Oslo;0301;Oslo;1303;Oppsal skole;KRF;Kristelig Folkeparti;1,60944;5351;1870;30
03;Oslo;0301;Oslo;1303;Oppsal skole;MDG;Miljøpartiet De Grønne;8,3691;5351;1870;156
03;Oslo;0301;Oslo;1303;Oppsal skole;V;Venstre;6,59871;5351;1870;123
03;Oslo;0301;Oslo;1303;Oppsal skole;H;Høyre;17,70386;5351;1870;330
03;Oslo;0301;Oslo;1303;Oppsal skole;FRP;Fremskrittspartiet;6,70601;5351;1870;125
03;Oslo;0301;Oslo;1303;Oppsal skole;AAN;Alliansen - Alternativ for Norge;0,05365;5351;1870;1
03;Oslo;0301;Oslo;1303;Oppsal skole;DEMN;Demokratene;0,75107;5351;1870;14
03;Oslo;0301;Oslo;1303;Oppsal skole;FNB;Folkeaksjonen Nei til mer bompenger;0,42918;5351;1870;8
03;Oslo;0301;Oslo;1303;Oppsal skole;HELSE;Helsepartiet;0,16094;5351;1870;3
03;Oslo;0301;Oslo;1303;Oppsal skole;INP;Industri- og Næringspartiet;0,0;5351;1870;0
03;Oslo;0301;Oslo;1303;Oppsal skole;KRISTNE;Partiet De Kristne;0,21459;5351;1870;4
03;Oslo;0301;Oslo;1303;Oppsal skole;KYST;Kystpartiet;0,0;5351;1870;0
03;Oslo;0301;Oslo;1303;Oppsal skole;LIBS;Liberalistene;0,0;5351;1870;0
03;Oslo;0301;Oslo;1303;Oppsal skole;NKP;Norges Kommunistiske Parti;0,0;5351;1870;0
03;Oslo;0301;Oslo;1303;Oppsal skole;PIR;Piratpartiet;0,05365;5351;1870;1
03;Oslo;0301;Oslo;1303;Oppsal skole;PP;Pensjonistpartiet;0,69742;5351;1870;13
03;Oslo;0301;Oslo;1303;Oppsal skole;PS;Partiet Sentrum;0,21459;5351;1870;4
03;Oslo;0301;Oslo;1303;Oppsal skole;BLANKE;Blanke;0,32189;5351;1870;6
03;Oslo;0301;Oslo;1303;Oppsal skole;FI;Feministisk Initiativ;0,05365;5351;1870;1
03;Oslo;0301;Oslo;1303;Oppsal skole;Andre;Andre;2,62876;5351;1870;49
03;Oslo;0301;Oslo;1303;Oppsal skole;Andre2;Andre2;0,0;5351;1870;0
03;Oslo;0301;Oslo;1304;Skullerud skole;A;Arbeiderpartiet;30,58419;5275;1462;445
03;Oslo;0301;Oslo;1304;Skullerud skole;SV;SV - Sosialistisk Venstreparti;11,82131;5275;1462;172
03;Oslo;0301;Oslo;1304;Skullerud skole;RØDT;Rødt;8,04124;5275;1462;117
03;Oslo;0301;Oslo;1304;Skullerud skole;SP;Senterpartiet;5,70447;5275;1462;83
03;Oslo;0301;Oslo;1304;Skullerud skole;KRF;Kristelig Folkeparti;1,99313;5275;1462;29
03;Oslo;0301;Oslo;1304;Skullerud skole;MDG;Miljøpartiet De Grønne;4,811;5275;1462;70
03;Oslo;0301;Oslo;1304;Skullerud skole;V;Venstre;6,80412;5275;1462;99
03;Oslo;0301;Oslo;1304;Skullerud skole;H;Høyre;18,96907;5275;1462;276
03;Oslo;0301;Oslo;1304;Skullerud skole;FRP;Fremskrittspartiet;6,7354;5275;1462;98
03;Oslo;0301;Oslo;1304;Skullerud skole;AAN;Alliansen - Alternativ for Norge;0,13746;5275;1462;2
03;Oslo;0301;Oslo;1304;Skullerud skole;DEMN;Demokratene;0,82474;5275;1462;12
03;Oslo;0301;Oslo;1304;Skullerud skole;FNB;Folkeaksjonen Nei til mer bompenger;0,75601;5275;1462;11
03;Oslo;0301;Oslo;1304;Skullerud skole;HELSE;Helsepartiet;0,20619;5275;1462;3
03;Oslo;0301;Oslo;1304;Skullerud skole;INP;Industri- og Næringspartiet;0,13746;5275;1462;2
03;Oslo;0301;Oslo;1304;Skullerud skole;KRISTNE;Partiet De Kristne;0,20619;5275;1462;3
03;Oslo;0301;Oslo;1304;Skullerud skole;KYST;Kystpartiet;0,0;5275;1462;0
03;Oslo;0301;Oslo;1304;Skullerud skole;LIBS;Liberalistene;0,27491;5275;1462;4
03;Oslo;0301;Oslo;1304;Skullerud skole;NKP;Norges Kommunistiske Parti;0,06873;5275;1462;1
03;Oslo;0301;Oslo;1304;Skullerud skole;PIR;Piratpartiet;0,06873;5275;1462;1
03;Oslo;0301;Oslo;1304;Skullerud skole;PP;Pensjonistpartiet;0,89347;5275;1462;13
03;Oslo;0301;Oslo;1304;Skullerud skole;PS;Partiet Sentrum;0,9622;5275;1462;14
03;Oslo;0301;Oslo;1304;Skullerud skole;BLANKE;Blanke;0,4811;5275;1462;7
03;Oslo;0301;Oslo;1304;Skullerud skole;FI;Feministisk Initiativ;0,0;5275;1462;0
03;Oslo;0301;Oslo;1304;Skullerud skole;Andre;Andre;4,53608;5275;1462;66
03;Oslo;0301;Oslo;1304;Skullerud skole;Andre2;Andre2;0,0;5275;1462;0
03;Oslo;0301;Oslo;1305;Østensjø skole;A;Arbeiderpartiet;25,46512;2411;862;219
03;Oslo;0301;Oslo;1305;Østensjø skole;SV;SV - Sosialistisk Venstreparti;10,93023;2411;862;94
03;Oslo;0301;Oslo;1305;Østensjø skole;RØDT;Rødt;6,27907;2411;862;54
03;Oslo;0301;Oslo;1305;Østensjø skole;SP;Senterpartiet;3,25581;2411;862;28
03;Oslo;0301;Oslo;1305;Østensjø skole;KRF;Kristelig Folkeparti;3,13953;2411;862;27
03;Oslo;0301;Oslo;1305;Østensjø skole;MDG;Miljøpartiet De Grønne;6,51163;2411;862;56
03;Oslo;0301;Oslo;1305;Østensjø skole;V;Venstre;9,53488;2411;862;82
03;Oslo;0301;Oslo;1305;Østensjø skole;H;Høyre;26,04651;2411;862;224
03;Oslo;0301;Oslo;1305;Østensjø skole;FRP;Fremskrittspartiet;6,97674;2411;862;60
03;Oslo;0301;Oslo;1305;Østensjø skole;AAN;Alliansen - Alternativ for Norge;0,0;2411;862;0
03;Oslo;0301;Oslo;1305;Østensjø skole;DEMN;Demokratene;0,5814;2411;862;5
03;Oslo;0301;Oslo;1305;Østensjø skole;FNB;Folkeaksjonen Nei til mer bompenger;0,0;2411;862;0
03;Oslo;0301;Oslo;1305;Østensjø skole;HELSE;Helsepartiet;0,0;2411;862;0
03;Oslo;0301;Oslo;1305;Østensjø skole;INP;Industri- og Næringspartiet;0,0;2411;862;0
03;Oslo;0301;Oslo;1305;Østensjø skole;KRISTNE;Partiet De Kristne;0,11628;2411;862;1
03;Oslo;0301;Oslo;1305;Østensjø skole;KYST;Kystpartiet;0,0;2411;862;0
03;Oslo;0301;Oslo;1305;Østensjø skole;LIBS;Liberalistene;0,23256;2411;862;2
03;Oslo;0301;Oslo;1305;Østensjø skole;NKP;Norges Kommunistiske Parti;0,23256;2411;862;2
03;Oslo;0301;Oslo;1305;Østensjø skole;PIR;Piratpartiet;0,11628;2411;862;1
03;Oslo;0301;Oslo;1305;Østensjø skole;PP;Pensjonistpartiet;0,34884;2411;862;3
03;Oslo;0301;Oslo;1305;Østensjø skole;PS;Partiet Sentrum;0,23256;2411;862;2
03;Oslo;0301;Oslo;1305;Østensjø skole;BLANKE;Blanke;0,23256;2411;862;2
03;Oslo;0301;Oslo;1305;Østensjø skole;FI;Feministisk Initiativ;0,0;2411;862;0
03;Oslo;0301;Oslo;1305;Østensjø skole;Andre;Andre;1,86047;2411;862;16
03;Oslo;0301;Oslo;1305;Østensjø skole;Andre2;Andre2;0,0;2411;862;0
03;Oslo;0301;Oslo;1306;Manglerud skole;A;Arbeiderpartiet;31,8094;4405;1565;494
03;Oslo;0301;Oslo;1306;Manglerud skole;SV;SV - Sosialistisk Venstreparti;10,43142;4405;1565;162
03;Oslo;0301;Oslo;1306;Manglerud skole;RØDT;Rødt;6,0528;4405;1565;94
03;Oslo;0301;Oslo;1306;Manglerud skole;SP;Senterpartiet;4,37862;4405;1565;68
03;Oslo;0301;Oslo;1306;Manglerud skole;KRF;Kristelig Folkeparti;1,41661;4405;1565;22
03;Oslo;0301;Oslo;1306;Manglerud skole;MDG;Miljøpartiet De Grønne;4,37862;4405;1565;68
03;Oslo;0301;Oslo;1306;Manglerud skole;V;Venstre;7,27624;4405;1565;113
03;Oslo;0301;Oslo;1306;Manglerud skole;H;Høyre;22,79459;4405;1565;354
03;Oslo;0301;Oslo;1306;Manglerud skole;FRP;Fremskrittspartiet;9,40116;4405;1565;146
03;Oslo;0301;Oslo;1306;Manglerud skole;AAN;Alliansen - Alternativ for Norge;0,06439;4405;1565;1
03;Oslo;0301;Oslo;1306;Manglerud skole;DEMN;Demokratene;0,45074;4405;1565;7
03;Oslo;0301;Oslo;1306;Manglerud skole;FNB;Folkeaksjonen Nei til mer bompenger;0,45074;4405;1565;7
03;Oslo;0301;Oslo;1306;Manglerud skole;HELSE;Helsepartiet;0,0;4405;1565;0
03;Oslo;0301;Oslo;1306;Manglerud skole;INP;Industri- og Næringspartiet;0,12878;4405;1565;2
03;Oslo;0301;Oslo;1306;Manglerud skole;KRISTNE;Partiet De Kristne;0,06439;4405;1565;1
03;Oslo;0301;Oslo;1306;Manglerud skole;KYST;Kystpartiet;0,0;4405;1565;0
03;Oslo;0301;Oslo;1306;Manglerud skole;LIBS;Liberalistene;0,06439;4405;1565;1
03;Oslo;0301;Oslo;1306;Manglerud skole;NKP;Norges Kommunistiske Parti;0,0;4405;1565;0
03;Oslo;0301;Oslo;1306;Manglerud skole;PIR;Piratpartiet;0,06439;4405;1565;1
03;Oslo;0301;Oslo;1306;Manglerud skole;PP;Pensjonistpartiet;0,51513;4405;1565;8
03;Oslo;0301;Oslo;1306;Manglerud skole;PS;Partiet Sentrum;0,19317;4405;1565;3
03;Oslo;0301;Oslo;1306;Manglerud skole;BLANKE;Blanke;0,7727;4405;1565;12
03;Oslo;0301;Oslo;1306;Manglerud skole;FI;Feministisk Initiativ;0,06439;4405;1565;1
03;Oslo;0301;Oslo;1306;Manglerud skole;Andre;Andre;2,06053;4405;1565;32
03;Oslo;0301;Oslo;1306;Manglerud skole;Andre2;Andre2;0,0;4405;1565;0
03;Oslo;0301;Oslo;1307;Høyenhall skole;A;Arbeiderpartiet;27,38764;3281;1437;390
03;Oslo;0301;Oslo;1307;Høyenhall skole;SV;SV - Sosialistisk Venstreparti;9,83146;3281;1437;140
03;Oslo;0301;Oslo;1307;Høyenhall skole;RØDT;Rødt;5,61798;3281;1437;80
03;Oslo;0301;Oslo;1307;Høyenhall skole;SP;Senterpartiet;4,42416;3281;1437;63
03;Oslo;0301;Oslo;1307;Høyenhall skole;KRF;Kristelig Folkeparti;1,75562;3281;1437;25
03;Oslo;0301;Oslo;1307;Høyenhall skole;MDG;Miljøpartiet De Grønne;4,14326;3281;1437;59
03;Oslo;0301;Oslo;1307;Høyenhall skole;V;Venstre;7,65449;3281;1437;109
03;Oslo;0301;Oslo;1307;Høyenhall skole;H;Høyre;25,14045;3281;1437;358
03;Oslo;0301;Oslo;1307;Høyenhall skole;FRP;Fremskrittspartiet;10,67416;3281;1437;152
03;Oslo;0301;Oslo;1307;Høyenhall skole;AAN;Alliansen - Alternativ for Norge;0,14045;3281;1437;2
03;Oslo;0301;Oslo;1307;Høyenhall skole;DEMN;Demokratene;0,42135;3281;1437;6
03;Oslo;0301;Oslo;1307;Høyenhall skole;FNB;Folkeaksjonen Nei til mer bompenger;0,49157;3281;1437;7
03;Oslo;0301;Oslo;1307;Høyenhall skole;HELSE;Helsepartiet;0,42135;3281;1437;6
03;Oslo;0301;Oslo;1307;Høyenhall skole;INP;Industri- og Næringspartiet;0,07022;3281;1437;1
03;Oslo;0301;Oslo;1307;Høyenhall skole;KRISTNE;Partiet De Kristne;0,21067;3281;1437;3
03;Oslo;0301;Oslo;1307;Høyenhall skole;KYST;Kystpartiet;0,0;3281;1437;0
03;Oslo;0301;Oslo;1307;Høyenhall skole;LIBS;Liberalistene;0,42135;3281;1437;6
03;Oslo;0301;Oslo;1307;Høyenhall skole;NKP;Norges Kommunistiske Parti;0,0;3281;1437;0
03;Oslo;0301;Oslo;1307;Høyenhall skole;PIR;Piratpartiet;0,0;3281;1437;0
03;Oslo;0301;Oslo;1307;Høyenhall skole;PP;Pensjonistpartiet;0,49157;3281;1437;7
03;Oslo;0301;Oslo;1307;Høyenhall skole;PS;Partiet Sentrum;0,70225;3281;1437;10
03;Oslo;0301;Oslo;1307;Høyenhall skole;BLANKE;Blanke;0,91292;3281;1437;13
03;Oslo;0301;Oslo;1307;Høyenhall skole;FI;Feministisk Initiativ;0,0;3281;1437;0
03;Oslo;0301;Oslo;1307;Høyenhall skole;Andre;Andre;3,37079;3281;1437;48
03;Oslo;0301;Oslo;1307;Høyenhall skole;Andre2;Andre2;0,0;3281;1437;0
03;Oslo;0301;Oslo;1308;Abildsø skole;A;Arbeiderpartiet;31,53071;2536;1100;344
03;Oslo;0301;Oslo;1308;Abildsø skole;SV;SV - Sosialistisk Venstreparti;10,35747;2536;1100;113
03;Oslo;0301;Oslo;1308;Abildsø skole;RØDT;Rødt;4,76627;2536;1100;52
03;Oslo;0301;Oslo;1308;Abildsø skole;SP;Senterpartiet;3,48304;2536;1100;38
03;Oslo;0301;Oslo;1308;Abildsø skole;KRF;Kristelig Folkeparti;2,38313;2536;1100;26
03;Oslo;0301;Oslo;1308;Abildsø skole;MDG;Miljøpartiet De Grønne;4,49129;2536;1100;49
03;Oslo;0301;Oslo;1308;Abildsø skole;V;Venstre;8,61595;2536;1100;94
03;Oslo;0301;Oslo;1308;Abildsø skole;H;Høyre;22,54812;2536;1100;246
03;Oslo;0301;Oslo;1308;Abildsø skole;FRP;Fremskrittspartiet;9,07424;2536;1100;99
03;Oslo;0301;Oslo;1308;Abildsø skole;AAN;Alliansen - Alternativ for Norge;0,09166;2536;1100;1
03;Oslo;0301;Oslo;1308;Abildsø skole;DEMN;Demokratene;1,00825;2536;1100;11
03;Oslo;0301;Oslo;1308;Abildsø skole;FNB;Folkeaksjonen Nei til mer bompenger;0,36664;2536;1100;4
03;Oslo;0301;Oslo;1308;Abildsø skole;HELSE;Helsepartiet;0,09166;2536;1100;1
03;Oslo;0301;Oslo;1308;Abildsø skole;INP;Industri- og Næringspartiet;0,09166;2536;1100;1
03;Oslo;0301;Oslo;1308;Abildsø skole;KRISTNE;Partiet De Kristne;0,09166;2536;1100;1
03;Oslo;0301;Oslo;1308;Abildsø skole;KYST;Kystpartiet;0,09166;2536;1100;1
03;Oslo;0301;Oslo;1308;Abildsø skole;LIBS;Liberalistene;0,09166;2536;1100;1
03;Oslo;0301;Oslo;1308;Abildsø skole;NKP;Norges Kommunistiske Parti;0,09166;2536;1100;1
03;Oslo;0301;Oslo;1308;Abildsø skole;PIR;Piratpartiet;0,0;2536;1100;0
03;Oslo;0301;Oslo;1308;Abildsø skole;PP;Pensjonistpartiet;0,36664;2536;1100;4
03;Oslo;0301;Oslo;1308;Abildsø skole;PS;Partiet Sentrum;0,36664;2536;1100;4
03;Oslo;0301;Oslo;1308;Abildsø skole;BLANKE;Blanke;0,82493;2536;1100;9
03;Oslo;0301;Oslo;1308;Abildsø skole;FI;Feministisk Initiativ;0,0;2536;1100;0
03;Oslo;0301;Oslo;1308;Abildsø skole;Andre;Andre;2,74977;2536;1100;30
03;Oslo;0301;Oslo;1308;Abildsø skole;Andre2;Andre2;0,0;2536;1100;0
03;Oslo;0301;Oslo;1309;Ulsrud videregående skole;A;Arbeiderpartiet;30,1083;6756;1393;417
03;Oslo;0301;Oslo;1309;Ulsrud videregående skole;SV;SV - Sosialistisk Venstreparti;14,65704;6756;1393;203
03;Oslo;0301;Oslo;1309;Ulsrud videregående skole;RØDT;Rødt;7,29242;6756;1393;101
03;Oslo;0301;Oslo;1309;Ulsrud videregående skole;SP;Senterpartiet;3,82671;6756;1393;53
03;Oslo;0301;Oslo;1309;Ulsrud videregående skole;KRF;Kristelig Folkeparti;1,22744;6756;1393;17
03;Oslo;0301;Oslo;1309;Ulsrud videregående skole;MDG;Miljøpartiet De Grønne;8,23105;6756;1393;114
03;Oslo;0301;Oslo;1309;Ulsrud videregående skole;V;Venstre;7,29242;6756;1393;101
03;Oslo;0301;Oslo;1309;Ulsrud videregående skole;H;Høyre;15,74007;6756;1393;218
03;Oslo;0301;Oslo;1309;Ulsrud videregående skole;FRP;Fremskrittspartiet;9,02527;6756;1393;125
03;Oslo;0301;Oslo;1309;Ulsrud videregående skole;AAN;Alliansen - Alternativ for Norge;0,0722;6756;1393;1
03;Oslo;0301;Oslo;1309;Ulsrud videregående skole;DEMN;Demokratene;0,57762;6756;1393;8
03;Oslo;0301;Oslo;1309;Ulsrud videregående skole;FNB;Folkeaksjonen Nei til mer bompenger;0,21661;6756;1393;3
03;Oslo;0301;Oslo;1309;Ulsrud videregående skole;HELSE;Helsepartiet;0,0722;6756;1393;1
03;Oslo;0301;Oslo;1309;Ulsrud videregående skole;INP;Industri- og Næringspartiet;0,0722;6756;1393;1
03;Oslo;0301;Oslo;1309;Ulsrud videregående skole;KRISTNE;Partiet De Kristne;0,1444;6756;1393;2
03;Oslo;0301;Oslo;1309;Ulsrud videregående skole;KYST;Kystpartiet;0,0;6756;1393;0
03;Oslo;0301;Oslo;1309;Ulsrud videregående skole;LIBS;Liberalistene;0,28881;6756;1393;4
03;Oslo;0301;Oslo;1309;Ulsrud videregående skole;NKP;Norges Kommunistiske Parti;0,21661;6756;1393;3
03;Oslo;0301;Oslo;1309;Ulsrud videregående skole;PIR;Piratpartiet;0,0;6756;1393;0
03;Oslo;0301;Oslo;1309;Ulsrud videregående skole;PP;Pensjonistpartiet;0,36101;6756;1393;5
03;Oslo;0301;Oslo;1309;Ulsrud videregående skole;PS;Partiet Sentrum;0,57762;6756;1393;8
03;Oslo;0301;Oslo;1309;Ulsrud videregående skole;BLANKE;Blanke;0,57762;6756;1393;8
03;Oslo;0301;Oslo;1309;Ulsrud videregående skole;FI;Feministisk Initiativ;0,0;6756;1393;0
03;Oslo;0301;Oslo;1309;Ulsrud videregående skole;Andre;Andre;2,59928;6756;1393;36
03;Oslo;0301;Oslo;1309;Ulsrud videregående skole;Andre2;Andre2;0,0;6756;1393;0
03;Oslo;0301;Oslo;1401;Ekeberg skole;A;Arbeiderpartiet;25,64103;4790;1918;490
03;Oslo;0301;Oslo;1401;Ekeberg skole;SV;SV - Sosialistisk Venstreparti;8,32025;4790;1918;159
03;Oslo;0301;Oslo;1401;Ekeberg skole;RØDT;Rødt;5,86081;4790;1918;112
03;Oslo;0301;Oslo;1401;Ekeberg skole;SP;Senterpartiet;3,03506;4790;1918;58
03;Oslo;0301;Oslo;1401;Ekeberg skole;KRF;Kristelig Folkeparti;4,50026;4790;1918;86
03;Oslo;0301;Oslo;1401;Ekeberg skole;MDG;Miljøpartiet De Grønne;7,16902;4790;1918;137
03;Oslo;0301;Oslo;1401;Ekeberg skole;V;Venstre;10,93668;4790;1918;209
03;Oslo;0301;Oslo;1401;Ekeberg skole;H;Høyre;26,58294;4790;1918;508
03;Oslo;0301;Oslo;1401;Ekeberg skole;FRP;Fremskrittspartiet;6,01779;4790;1918;115
03;Oslo;0301;Oslo;1401;Ekeberg skole;AAN;Alliansen - Alternativ for Norge;0,0;4790;1918;0
03;Oslo;0301;Oslo;1401;Ekeberg skole;DEMN;Demokratene;0,62794;4790;1918;12
03;Oslo;0301;Oslo;1401;Ekeberg skole;FNB;Folkeaksjonen Nei til mer bompenger;0,10466;4790;1918;2
03;Oslo;0301;Oslo;1401;Ekeberg skole;HELSE;Helsepartiet;0,05233;4790;1918;1
03;Oslo;0301;Oslo;1401;Ekeberg skole;INP;Industri- og Næringspartiet;0,20931;4790;1918;4
03;Oslo;0301;Oslo;1401;Ekeberg skole;KRISTNE;Partiet De Kristne;0,10466;4790;1918;2
03;Oslo;0301;Oslo;1401;Ekeberg skole;KYST;Kystpartiet;0,0;4790;1918;0
03;Oslo;0301;Oslo;1401;Ekeberg skole;LIBS;Liberalistene;0,10466;4790;1918;2
03;Oslo;0301;Oslo;1401;Ekeberg skole;NKP;Norges Kommunistiske Parti;0,05233;4790;1918;1
03;Oslo;0301;Oslo;1401;Ekeberg skole;PIR;Piratpartiet;0,0;4790;1918;0
03;Oslo;0301;Oslo;1401;Ekeberg skole;PP;Pensjonistpartiet;0,31397;4790;1918;6
03;Oslo;0301;Oslo;1401;Ekeberg skole;PS;Partiet Sentrum;0,31397;4790;1918;6
03;Oslo;0301;Oslo;1401;Ekeberg skole;BLANKE;Blanke;0,3663;4790;1918;7
03;Oslo;0301;Oslo;1401;Ekeberg skole;FI;Feministisk Initiativ;0,05233;4790;1918;1
03;Oslo;0301;Oslo;1401;Ekeberg skole;Andre;Andre;1,93616;4790;1918;37
03;Oslo;0301;Oslo;1401;Ekeberg skole;Andre2;Andre2;0,0;4790;1918;0
03;Oslo;0301;Oslo;1402;Bekkelaget skole;A;Arbeiderpartiet;21,07587;6820;2497;525
03;Oslo;0301;Oslo;1402;Bekkelaget skole;SV;SV - Sosialistisk Venstreparti;6,14211;6820;2497;153
03;Oslo;0301;Oslo;1402;Bekkelaget skole;RØDT;Rødt;2,85026;6820;2497;71
03;Oslo;0301;Oslo;1402;Bekkelaget skole;SP;Senterpartiet;2,40867;6820;2497;60
03;Oslo;0301;Oslo;1402;Bekkelaget skole;KRF;Kristelig Folkeparti;2,28824;6820;2497;57
03;Oslo;0301;Oslo;1402;Bekkelaget skole;MDG;Miljøpartiet De Grønne;5,05821;6820;2497;126
03;Oslo;0301;Oslo;1402;Bekkelaget skole;V;Venstre;12,92654;6820;2497;322
03;Oslo;0301;Oslo;1402;Bekkelaget skole;H;Høyre;38,45845;6820;2497;958
03;Oslo;0301;Oslo;1402;Bekkelaget skole;FRP;Fremskrittspartiet;6,945;6820;2497;173
03;Oslo;0301;Oslo;1402;Bekkelaget skole;AAN;Alliansen - Alternativ for Norge;0,08029;6820;2497;2
03;Oslo;0301;Oslo;1402;Bekkelaget skole;DEMN;Demokratene;0,52188;6820;2497;13
03;Oslo;0301;Oslo;1402;Bekkelaget skole;FNB;Folkeaksjonen Nei til mer bompenger;0,12043;6820;2497;3
03;Oslo;0301;Oslo;1402;Bekkelaget skole;HELSE;Helsepartiet;0,08029;6820;2497;2
03;Oslo;0301;Oslo;1402;Bekkelaget skole;INP;Industri- og Næringspartiet;0,04014;6820;2497;1
03;Oslo;0301;Oslo;1402;Bekkelaget skole;KRISTNE;Partiet De Kristne;0,16058;6820;2497;4
03;Oslo;0301;Oslo;1402;Bekkelaget skole;KYST;Kystpartiet;0,0;6820;2497;0
03;Oslo;0301;Oslo;1402;Bekkelaget skole;LIBS;Liberalistene;0,12043;6820;2497;3
03;Oslo;0301;Oslo;1402;Bekkelaget skole;NKP;Norges Kommunistiske Parti;0,0;6820;2497;0
03;Oslo;0301;Oslo;1402;Bekkelaget skole;PIR;Piratpartiet;0,04014;6820;2497;1
03;Oslo;0301;Oslo;1402;Bekkelaget skole;PP;Pensjonistpartiet;0,24087;6820;2497;6
03;Oslo;0301;Oslo;1402;Bekkelaget skole;PS;Partiet Sentrum;0,3613;6820;2497;9
03;Oslo;0301;Oslo;1402;Bekkelaget skole;BLANKE;Blanke;0,24087;6820;2497;6
03;Oslo;0301;Oslo;1402;Bekkelaget skole;FI;Feministisk Initiativ;0,08029;6820;2497;2
03;Oslo;0301;Oslo;1402;Bekkelaget skole;Andre;Andre;1,84665;6820;2497;46
03;Oslo;0301;Oslo;1402;Bekkelaget skole;Andre2;Andre2;0,0;6820;2497;0
03;Oslo;0301;Oslo;1403;Nedre Bekkelaget skole;A;Arbeiderpartiet;16,6879;1770;788;131
03;Oslo;0301;Oslo;1403;Nedre Bekkelaget skole;SV;SV - Sosialistisk Venstreparti;7,7707;1770;788;61
03;Oslo;0301;Oslo;1403;Nedre Bekkelaget skole;RØDT;Rødt;4,20382;1770;788;33
03;Oslo;0301;Oslo;1403;Nedre Bekkelaget skole;SP;Senterpartiet;1,78344;1770;788;14
03;Oslo;0301;Oslo;1403;Nedre Bekkelaget skole;KRF;Kristelig Folkeparti;0,76433;1770;788;6
03;Oslo;0301;Oslo;1403;Nedre Bekkelaget skole;MDG;Miljøpartiet De Grønne;5,98726;1770;788;47
03;Oslo;0301;Oslo;1403;Nedre Bekkelaget skole;V;Venstre;13,75796;1770;788;108
03;Oslo;0301;Oslo;1403;Nedre Bekkelaget skole;H;Høyre;38,59873;1770;788;303
03;Oslo;0301;Oslo;1403;Nedre Bekkelaget skole;FRP;Fremskrittspartiet;8,40764;1770;788;66
03;Oslo;0301;Oslo;1403;Nedre Bekkelaget skole;AAN;Alliansen - Alternativ for Norge;0,0;1770;788;0
03;Oslo;0301;Oslo;1403;Nedre Bekkelaget skole;DEMN;Demokratene;0,38217;1770;788;3
03;Oslo;0301;Oslo;1403;Nedre Bekkelaget skole;FNB;Folkeaksjonen Nei til mer bompenger;0,0;1770;788;0
03;Oslo;0301;Oslo;1403;Nedre Bekkelaget skole;HELSE;Helsepartiet;0,12739;1770;788;1
03;Oslo;0301;Oslo;1403;Nedre Bekkelaget skole;INP;Industri- og Næringspartiet;0,0;1770;788;0
03;Oslo;0301;Oslo;1403;Nedre Bekkelaget skole;KRISTNE;Partiet De Kristne;0,12739;1770;788;1
03;Oslo;0301;Oslo;1403;Nedre Bekkelaget skole;KYST;Kystpartiet;0,0;1770;788;0
03;Oslo;0301;Oslo;1403;Nedre Bekkelaget skole;LIBS;Liberalistene;0,50955;1770;788;4
03;Oslo;0301;Oslo;1403;Nedre Bekkelaget skole;NKP;Norges Kommunistiske Parti;0,0;1770;788;0
03;Oslo;0301;Oslo;1403;Nedre Bekkelaget skole;PIR;Piratpartiet;0,0;1770;788;0
03;Oslo;0301;Oslo;1403;Nedre Bekkelaget skole;PP;Pensjonistpartiet;0,76433;1770;788;6
03;Oslo;0301;Oslo;1403;Nedre Bekkelaget skole;PS;Partiet Sentrum;0,12739;1770;788;1
03;Oslo;0301;Oslo;1403;Nedre Bekkelaget skole;BLANKE;Blanke;0,38217;1770;788;3
03;Oslo;0301;Oslo;1403;Nedre Bekkelaget skole;FI;Feministisk Initiativ;0,0;1770;788;0
03;Oslo;0301;Oslo;1403;Nedre Bekkelaget skole;Andre;Andre;2,03822;1770;788;16
03;Oslo;0301;Oslo;1403;Nedre Bekkelaget skole;Andre2;Andre2;0,0;1770;788;0
03;Oslo;0301;Oslo;1404;Lambertseter videregående skole;A;Arbeiderpartiet;26,22352;3120;1389;359
03;Oslo;0301;Oslo;1404;Lambertseter videregående skole;SV;SV - Sosialistisk Venstreparti;8,2542;3120;1389;113
03;Oslo;0301;Oslo;1404;Lambertseter videregående skole;RØDT;Rødt;4,74799;3120;1389;65
03;Oslo;0301;Oslo;1404;Lambertseter videregående skole;SP;Senterpartiet;3,94449;3120;1389;54
03;Oslo;0301;Oslo;1404;Lambertseter videregående skole;KRF;Kristelig Folkeparti;1,16874;3120;1389;16
03;Oslo;0301;Oslo;1404;Lambertseter videregående skole;MDG;Miljøpartiet De Grønne;4,52885;3120;1389;62
03;Oslo;0301;Oslo;1404;Lambertseter videregående skole;V;Venstre;10,51863;3120;1389;144
03;Oslo;0301;Oslo;1404;Lambertseter videregående skole;H;Høyre;29,58364;3120;1389;405
03;Oslo;0301;Oslo;1404;Lambertseter videregående skole;FRP;Fremskrittspartiet;8,69248;3120;1389;119
03;Oslo;0301;Oslo;1404;Lambertseter videregående skole;AAN;Alliansen - Alternativ for Norge;0,07305;3120;1389;1
03;Oslo;0301;Oslo;1404;Lambertseter videregående skole;DEMN;Demokratene;0,73046;3120;1389;10
03;Oslo;0301;Oslo;1404;Lambertseter videregående skole;FNB;Folkeaksjonen Nei til mer bompenger;0,43828;3120;1389;6
03;Oslo;0301;Oslo;1404;Lambertseter videregående skole;HELSE;Helsepartiet;0,07305;3120;1389;1
03;Oslo;0301;Oslo;1404;Lambertseter videregående skole;INP;Industri- og Næringspartiet;0,0;3120;1389;0
03;Oslo;0301;Oslo;1404;Lambertseter videregående skole;KRISTNE;Partiet De Kristne;0,07305;3120;1389;1
03;Oslo;0301;Oslo;1404;Lambertseter videregående skole;KYST;Kystpartiet;0,07305;3120;1389;1
03;Oslo;0301;Oslo;1404;Lambertseter videregående skole;LIBS;Liberalistene;0,07305;3120;1389;1
03;Oslo;0301;Oslo;1404;Lambertseter videregående skole;NKP;Norges Kommunistiske Parti;0,0;3120;1389;0
03;Oslo;0301;Oslo;1404;Lambertseter videregående skole;PIR;Piratpartiet;0,0;3120;1389;0
03;Oslo;0301;Oslo;1404;Lambertseter videregående skole;PP;Pensjonistpartiet;0,43828;3120;1389;6
03;Oslo;0301;Oslo;1404;Lambertseter videregående skole;PS;Partiet Sentrum;0,36523;3120;1389;5
03;Oslo;0301;Oslo;1404;Lambertseter videregående skole;BLANKE;Blanke;1,46092;3120;1389;20
03;Oslo;0301;Oslo;1404;Lambertseter videregående skole;FI;Feministisk Initiativ;0,0;3120;1389;0
03;Oslo;0301;Oslo;1404;Lambertseter videregående skole;Andre;Andre;2,33747;3120;1389;32
03;Oslo;0301;Oslo;1404;Lambertseter videregående skole;Andre2;Andre2;0,0;3120;1389;0
03;Oslo;0301;Oslo;1405;Lambertseter skole;A;Arbeiderpartiet;29,3601;5559;1608;468
03;Oslo;0301;Oslo;1405;Lambertseter skole;SV;SV - Sosialistisk Venstreparti;10,10038;5559;1608;161
03;Oslo;0301;Oslo;1405;Lambertseter skole;RØDT;Rødt;7,15182;5559;1608;114
03;Oslo;0301;Oslo;1405;Lambertseter skole;SP;Senterpartiet;4,70514;5559;1608;75
03;Oslo;0301;Oslo;1405;Lambertseter skole;KRF;Kristelig Folkeparti;1,94479;5559;1608;31
03;Oslo;0301;Oslo;1405;Lambertseter skole;MDG;Miljøpartiet De Grønne;4,39147;5559;1608;70
03;Oslo;0301;Oslo;1405;Lambertseter skole;V;Venstre;8,7202;5559;1608;139
03;Oslo;0301;Oslo;1405;Lambertseter skole;H;Høyre;19,5734;5559;1608;312
03;Oslo;0301;Oslo;1405;Lambertseter skole;FRP;Fremskrittspartiet;10,41405;5559;1608;166
03;Oslo;0301;Oslo;1405;Lambertseter skole;AAN;Alliansen - Alternativ for Norge;0,18821;5559;1608;3
03;Oslo;0301;Oslo;1405;Lambertseter skole;DEMN;Demokratene;0,50188;5559;1608;8
03;Oslo;0301;Oslo;1405;Lambertseter skole;FNB;Folkeaksjonen Nei til mer bompenger;0,31368;5559;1608;5
03;Oslo;0301;Oslo;1405;Lambertseter skole;HELSE;Helsepartiet;0,56462;5559;1608;9
03;Oslo;0301;Oslo;1405;Lambertseter skole;INP;Industri- og Næringspartiet;0,12547;5559;1608;2
03;Oslo;0301;Oslo;1405;Lambertseter skole;KRISTNE;Partiet De Kristne;0,06274;5559;1608;1
03;Oslo;0301;Oslo;1405;Lambertseter skole;KYST;Kystpartiet;0,0;5559;1608;0
03;Oslo;0301;Oslo;1405;Lambertseter skole;LIBS;Liberalistene;0,12547;5559;1608;2
03;Oslo;0301;Oslo;1405;Lambertseter skole;NKP;Norges Kommunistiske Parti;0,0;5559;1608;0
03;Oslo;0301;Oslo;1405;Lambertseter skole;PIR;Piratpartiet;0,37641;5559;1608;6
03;Oslo;0301;Oslo;1405;Lambertseter skole;PP;Pensjonistpartiet;0,62735;5559;1608;10
03;Oslo;0301;Oslo;1405;Lambertseter skole;PS;Partiet Sentrum;0,69009;5559;1608;11
03;Oslo;0301;Oslo;1405;Lambertseter skole;BLANKE;Blanke;0,87829;5559;1608;14
03;Oslo;0301;Oslo;1405;Lambertseter skole;FI;Feministisk Initiativ;0,06274;5559;1608;1
03;Oslo;0301;Oslo;1405;Lambertseter skole;Andre;Andre;3,63864;5559;1608;58
03;Oslo;0301;Oslo;1405;Lambertseter skole;Andre2;Andre2;0,0;5559;1608;0
03;Oslo;0301;Oslo;1406;Kastellet skole;A;Arbeiderpartiet;24,66019;5010;1032;254
03;Oslo;0301;Oslo;1406;Kastellet skole;SV;SV - Sosialistisk Venstreparti;4,66019;5010;1032;48
03;Oslo;0301;Oslo;1406;Kastellet skole;RØDT;Rødt;3,49515;5010;1032;36
03;Oslo;0301;Oslo;1406;Kastellet skole;SP;Senterpartiet;2,42718;5010;1032;25
03;Oslo;0301;Oslo;1406;Kastellet skole;KRF;Kristelig Folkeparti;2,52427;5010;1032;26
03;Oslo;0301;Oslo;1406;Kastellet skole;MDG;Miljøpartiet De Grønne;3,68932;5010;1032;38
03;Oslo;0301;Oslo;1406;Kastellet skole;V;Venstre;11,26214;5010;1032;116
03;Oslo;0301;Oslo;1406;Kastellet skole;H;Høyre;36,8932;5010;1032;380
03;Oslo;0301;Oslo;1406;Kastellet skole;FRP;Fremskrittspartiet;8,54369;5010;1032;88
03;Oslo;0301;Oslo;1406;Kastellet skole;AAN;Alliansen - Alternativ for Norge;0,19417;5010;1032;2
03;Oslo;0301;Oslo;1406;Kastellet skole;DEMN;Demokratene;0,38835;5010;1032;4
03;Oslo;0301;Oslo;1406;Kastellet skole;FNB;Folkeaksjonen Nei til mer bompenger;0,29126;5010;1032;3
03;Oslo;0301;Oslo;1406;Kastellet skole;HELSE;Helsepartiet;0,19417;5010;1032;2
03;Oslo;0301;Oslo;1406;Kastellet skole;INP;Industri- og Næringspartiet;0,29126;5010;1032;3
03;Oslo;0301;Oslo;1406;Kastellet skole;KRISTNE;Partiet De Kristne;0,0;5010;1032;0
03;Oslo;0301;Oslo;1406;Kastellet skole;KYST;Kystpartiet;0,0;5010;1032;0
03;Oslo;0301;Oslo;1406;Kastellet skole;LIBS;Liberalistene;0,0;5010;1032;0
03;Oslo;0301;Oslo;1406;Kastellet skole;NKP;Norges Kommunistiske Parti;0,0;5010;1032;0
03;Oslo;0301;Oslo;1406;Kastellet skole;PIR;Piratpartiet;0,0;5010;1032;0
03;Oslo;0301;Oslo;1406;Kastellet skole;PP;Pensjonistpartiet;0,38835;5010;1032;4
03;Oslo;0301;Oslo;1406;Kastellet skole;PS;Partiet Sentrum;0,09709;5010;1032;1
03;Oslo;0301;Oslo;1406;Kastellet skole;BLANKE;Blanke;0,19417;5010;1032;2
03;Oslo;0301;Oslo;1406;Kastellet skole;FI;Feministisk Initiativ;0,0;5010;1032;0
03;Oslo;0301;Oslo;1406;Kastellet skole;Andre;Andre;1,84466;5010;1032;19
03;Oslo;0301;Oslo;1406;Kastellet skole;Andre2;Andre2;0,0;5010;1032;0
03;Oslo;0301;Oslo;1407;Nordstrand skole;A;Arbeiderpartiet;16,63907;3163;1211;201
03;Oslo;0301;Oslo;1407;Nordstrand skole;SV;SV - Sosialistisk Venstreparti;5,54636;3163;1211;67
03;Oslo;0301;Oslo;1407;Nordstrand skole;RØDT;Rødt;3,5596;3163;1211;43
03;Oslo;0301;Oslo;1407;Nordstrand skole;SP;Senterpartiet;2,2351;3163;1211;27
03;Oslo;0301;Oslo;1407;Nordstrand skole;KRF;Kristelig Folkeparti;2,31788;3163;1211;28
03;Oslo;0301;Oslo;1407;Nordstrand skole;MDG;Miljøpartiet De Grønne;4,96689;3163;1211;60
03;Oslo;0301;Oslo;1407;Nordstrand skole;V;Venstre;14,15563;3163;1211;171
03;Oslo;0301;Oslo;1407;Nordstrand skole;H;Høyre;40,14901;3163;1211;485
03;Oslo;0301;Oslo;1407;Nordstrand skole;FRP;Fremskrittspartiet;8,52649;3163;1211;103
03;Oslo;0301;Oslo;1407;Nordstrand skole;AAN;Alliansen - Alternativ for Norge;0,08278;3163;1211;1
03;Oslo;0301;Oslo;1407;Nordstrand skole;DEMN;Demokratene;0,49669;3163;1211;6
03;Oslo;0301;Oslo;1407;Nordstrand skole;FNB;Folkeaksjonen Nei til mer bompenger;0,24834;3163;1211;3
03;Oslo;0301;Oslo;1407;Nordstrand skole;HELSE;Helsepartiet;0,16556;3163;1211;2
03;Oslo;0301;Oslo;1407;Nordstrand skole;INP;Industri- og Næringspartiet;0,24834;3163;1211;3
03;Oslo;0301;Oslo;1407;Nordstrand skole;KRISTNE;Partiet De Kristne;0,0;3163;1211;0
03;Oslo;0301;Oslo;1407;Nordstrand skole;KYST;Kystpartiet;0,0;3163;1211;0
03;Oslo;0301;Oslo;1407;Nordstrand skole;LIBS;Liberalistene;0,24834;3163;1211;3
03;Oslo;0301;Oslo;1407;Nordstrand skole;NKP;Norges Kommunistiske Parti;0,0;3163;1211;0
03;Oslo;0301;Oslo;1407;Nordstrand skole;PIR;Piratpartiet;0,0;3163;1211;0
03;Oslo;0301;Oslo;1407;Nordstrand skole;PP;Pensjonistpartiet;0,0;3163;1211;0
03;Oslo;0301;Oslo;1407;Nordstrand skole;PS;Partiet Sentrum;0,41391;3163;1211;5
03;Oslo;0301;Oslo;1407;Nordstrand skole;BLANKE;Blanke;0,24834;3163;1211;3
03;Oslo;0301;Oslo;1407;Nordstrand skole;FI;Feministisk Initiativ;0,0;3163;1211;0
03;Oslo;0301;Oslo;1407;Nordstrand skole;Andre;Andre;1,90397;3163;1211;23
03;Oslo;0301;Oslo;1407;Nordstrand skole;Andre2;Andre2;0,0;3163;1211;0
03;Oslo;0301;Oslo;1408;Munkerud skole;A;Arbeiderpartiet;21,37746;4092;1125;239
03;Oslo;0301;Oslo;1408;Munkerud skole;SV;SV - Sosialistisk Venstreparti;8,40787;4092;1125;94
03;Oslo;0301;Oslo;1408;Munkerud skole;RØDT;Rødt;2,86225;4092;1125;32
03;Oslo;0301;Oslo;1408;Munkerud skole;SP;Senterpartiet;2,59392;4092;1125;29
03;Oslo;0301;Oslo;1408;Munkerud skole;KRF;Kristelig Folkeparti;2,32558;4092;1125;26
03;Oslo;0301;Oslo;1408;Munkerud skole;MDG;Miljøpartiet De Grønne;5,27728;4092;1125;59
03;Oslo;0301;Oslo;1408;Munkerud skole;V;Venstre;13,95349;4092;1125;156
03;Oslo;0301;Oslo;1408;Munkerud skole;H;Høyre;33,2737;4092;1125;372
03;Oslo;0301;Oslo;1408;Munkerud skole;FRP;Fremskrittspartiet;7,51342;4092;1125;84
03;Oslo;0301;Oslo;1408;Munkerud skole;AAN;Alliansen - Alternativ for Norge;0,0;4092;1125;0
03;Oslo;0301;Oslo;1408;Munkerud skole;DEMN;Demokratene;0,9839;4092;1125;11
03;Oslo;0301;Oslo;1408;Munkerud skole;FNB;Folkeaksjonen Nei til mer bompenger;0,08945;4092;1125;1
03;Oslo;0301;Oslo;1408;Munkerud skole;HELSE;Helsepartiet;0,26834;4092;1125;3
03;Oslo;0301;Oslo;1408;Munkerud skole;INP;Industri- og Næringspartiet;0,08945;4092;1125;1
03;Oslo;0301;Oslo;1408;Munkerud skole;KRISTNE;Partiet De Kristne;0,17889;4092;1125;2
03;Oslo;0301;Oslo;1408;Munkerud skole;KYST;Kystpartiet;0,0;4092;1125;0
03;Oslo;0301;Oslo;1408;Munkerud skole;LIBS;Liberalistene;0,26834;4092;1125;3
03;Oslo;0301;Oslo;1408;Munkerud skole;NKP;Norges Kommunistiske Parti;0,0;4092;1125;0
03;Oslo;0301;Oslo;1408;Munkerud skole;PIR;Piratpartiet;0,08945;4092;1125;1
03;Oslo;0301;Oslo;1408;Munkerud skole;PP;Pensjonistpartiet;0,0;4092;1125;0
03;Oslo;0301;Oslo;1408;Munkerud skole;PS;Partiet Sentrum;0,35778;4092;1125;4
03;Oslo;0301;Oslo;1408;Munkerud skole;BLANKE;Blanke;0,62612;4092;1125;7
03;Oslo;0301;Oslo;1408;Munkerud skole;FI;Feministisk Initiativ;0,08945;4092;1125;1
03;Oslo;0301;Oslo;1408;Munkerud skole;Andre;Andre;2,41503;4092;1125;27
03;Oslo;0301;Oslo;1408;Munkerud skole;Andre2;Andre2;0,0;4092;1125;0
03;Oslo;0301;Oslo;1409;Ljan skole;A;Arbeiderpartiet;18,6255;2656;1009;187
03;Oslo;0301;Oslo;1409;Ljan skole;SV;SV - Sosialistisk Venstreparti;7,07171;2656;1009;71
03;Oslo;0301;Oslo;1409;Ljan skole;RØDT;Rødt;4,38247;2656;1009;44
03;Oslo;0301;Oslo;1409;Ljan skole;SP;Senterpartiet;2,78884;2656;1009;28
03;Oslo;0301;Oslo;1409;Ljan skole;KRF;Kristelig Folkeparti;2,58964;2656;1009;26
03;Oslo;0301;Oslo;1409;Ljan skole;MDG;Miljøpartiet De Grønne;4,68127;2656;1009;47
03;Oslo;0301;Oslo;1409;Ljan skole;V;Venstre;10,75697;2656;1009;108
03;Oslo;0301;Oslo;1409;Ljan skole;H;Høyre;36,35458;2656;1009;365
03;Oslo;0301;Oslo;1409;Ljan skole;FRP;Fremskrittspartiet;9,66135;2656;1009;97
03;Oslo;0301;Oslo;1409;Ljan skole;AAN;Alliansen - Alternativ for Norge;0,0;2656;1009;0
03;Oslo;0301;Oslo;1409;Ljan skole;DEMN;Demokratene;0,99602;2656;1009;10
03;Oslo;0301;Oslo;1409;Ljan skole;FNB;Folkeaksjonen Nei til mer bompenger;0,49801;2656;1009;5
03;Oslo;0301;Oslo;1409;Ljan skole;HELSE;Helsepartiet;0,39841;2656;1009;4
03;Oslo;0301;Oslo;1409;Ljan skole;INP;Industri- og Næringspartiet;0,0;2656;1009;0
03;Oslo;0301;Oslo;1409;Ljan skole;KRISTNE;Partiet De Kristne;0,0996;2656;1009;1
03;Oslo;0301;Oslo;1409;Ljan skole;KYST;Kystpartiet;0,1992;2656;1009;2
03;Oslo;0301;Oslo;1409;Ljan skole;LIBS;Liberalistene;0,1992;2656;1009;2
03;Oslo;0301;Oslo;1409;Ljan skole;NKP;Norges Kommunistiske Parti;0,0;2656;1009;0
03;Oslo;0301;Oslo;1409;Ljan skole;PIR;Piratpartiet;0,0;2656;1009;0
03;Oslo;0301;Oslo;1409;Ljan skole;PP;Pensjonistpartiet;0,1992;2656;1009;2
03;Oslo;0301;Oslo;1409;Ljan skole;PS;Partiet Sentrum;0,49801;2656;1009;5
03;Oslo;0301;Oslo;1409;Ljan skole;BLANKE;Blanke;0,49801;2656;1009;5
03;Oslo;0301;Oslo;1409;Ljan skole;FI;Feministisk Initiativ;0,0;2656;1009;0
03;Oslo;0301;Oslo;1409;Ljan skole;Andre;Andre;3,08765;2656;1009;31
03;Oslo;0301;Oslo;1409;Ljan skole;Andre2;Andre2;0,0;2656;1009;0
03;Oslo;0301;Oslo;1501;Hallagerbakken skole;A;Arbeiderpartiet;27,97677;3812;1041;289
03;Oslo;0301;Oslo;1501;Hallagerbakken skole;SV;SV - Sosialistisk Venstreparti;22,07164;3812;1041;228
03;Oslo;0301;Oslo;1501;Hallagerbakken skole;RØDT;Rødt;11,90707;3812;1041;123
03;Oslo;0301;Oslo;1501;Hallagerbakken skole;SP;Senterpartiet;4,74347;3812;1041;49
03;Oslo;0301;Oslo;1501;Hallagerbakken skole;KRF;Kristelig Folkeparti;3,19458;3812;1041;33
03;Oslo;0301;Oslo;1501;Hallagerbakken skole;MDG;Miljøpartiet De Grønne;5,51791;3812;1041;57
03;Oslo;0301;Oslo;1501;Hallagerbakken skole;V;Venstre;4,16263;3812;1041;43
03;Oslo;0301;Oslo;1501;Hallagerbakken skole;H;Høyre;12,39109;3812;1041;128
03;Oslo;0301;Oslo;1501;Hallagerbakken skole;FRP;Fremskrittspartiet;4,93708;3812;1041;51
03;Oslo;0301;Oslo;1501;Hallagerbakken skole;AAN;Alliansen - Alternativ for Norge;0,0;3812;1041;0
03;Oslo;0301;Oslo;1501;Hallagerbakken skole;DEMN;Demokratene;0,77444;3812;1041;8
03;Oslo;0301;Oslo;1501;Hallagerbakken skole;FNB;Folkeaksjonen Nei til mer bompenger;0,38722;3812;1041;4
03;Oslo;0301;Oslo;1501;Hallagerbakken skole;HELSE;Helsepartiet;0,38722;3812;1041;4
03;Oslo;0301;Oslo;1501;Hallagerbakken skole;INP;Industri- og Næringspartiet;0,09681;3812;1041;1
03;Oslo;0301;Oslo;1501;Hallagerbakken skole;KRISTNE;Partiet De Kristne;0,09681;3812;1041;1
03;Oslo;0301;Oslo;1501;Hallagerbakken skole;KYST;Kystpartiet;0,0;3812;1041;0
03;Oslo;0301;Oslo;1501;Hallagerbakken skole;LIBS;Liberalistene;0,09681;3812;1041;1
03;Oslo;0301;Oslo;1501;Hallagerbakken skole;NKP;Norges Kommunistiske Parti;0,09681;3812;1041;1
03;Oslo;0301;Oslo;1501;Hallagerbakken skole;PIR;Piratpartiet;0,19361;3812;1041;2
03;Oslo;0301;Oslo;1501;Hallagerbakken skole;PP;Pensjonistpartiet;0,29042;3812;1041;3
03;Oslo;0301;Oslo;1501;Hallagerbakken skole;PS;Partiet Sentrum;0,67764;3812;1041;7
03;Oslo;0301;Oslo;1501;Hallagerbakken skole;BLANKE;Blanke;0,77444;3812;1041;8
03;Oslo;0301;Oslo;1501;Hallagerbakken skole;FI;Feministisk Initiativ;0,0;3812;1041;0
03;Oslo;0301;Oslo;1501;Hallagerbakken skole;Andre;Andre;3,09777;3812;1041;32
03;Oslo;0301;Oslo;1501;Hallagerbakken skole;Andre2;Andre2;0,0;3812;1041;0
03;Oslo;0301;Oslo;1502;Rosenholm skole;A;Arbeiderpartiet;35,84541;2889;1042;371
03;Oslo;0301;Oslo;1502;Rosenholm skole;SV;SV - Sosialistisk Venstreparti;19,71014;2889;1042;204
03;Oslo;0301;Oslo;1502;Rosenholm skole;RØDT;Rødt;14,00966;2889;1042;145
03;Oslo;0301;Oslo;1502;Rosenholm skole;SP;Senterpartiet;3,86473;2889;1042;40
03;Oslo;0301;Oslo;1502;Rosenholm skole;KRF;Kristelig Folkeparti;2,31884;2889;1042;24
03;Oslo;0301;Oslo;1502;Rosenholm skole;MDG;Miljøpartiet De Grønne;4,34783;2889;1042;45
03;Oslo;0301;Oslo;1502;Rosenholm skole;V;Venstre;3,47826;2889;1042;36
03;Oslo;0301;Oslo;1502;Rosenholm skole;H;Høyre;8,50242;2889;1042;88
03;Oslo;0301;Oslo;1502;Rosenholm skole;FRP;Fremskrittspartiet;4,7343;2889;1042;49
03;Oslo;0301;Oslo;1502;Rosenholm skole;AAN;Alliansen - Alternativ for Norge;0,09662;2889;1042;1
03;Oslo;0301;Oslo;1502;Rosenholm skole;DEMN;Demokratene;0,38647;2889;1042;4
03;Oslo;0301;Oslo;1502;Rosenholm skole;FNB;Folkeaksjonen Nei til mer bompenger;0,77295;2889;1042;8
03;Oslo;0301;Oslo;1502;Rosenholm skole;HELSE;Helsepartiet;0,09662;2889;1042;1
03;Oslo;0301;Oslo;1502;Rosenholm skole;INP;Industri- og Næringspartiet;0,09662;2889;1042;1
03;Oslo;0301;Oslo;1502;Rosenholm skole;KRISTNE;Partiet De Kristne;0,57971;2889;1042;6
03;Oslo;0301;Oslo;1502;Rosenholm skole;KYST;Kystpartiet;0,0;2889;1042;0
03;Oslo;0301;Oslo;1502;Rosenholm skole;LIBS;Liberalistene;0,0;2889;1042;0
03;Oslo;0301;Oslo;1502;Rosenholm skole;NKP;Norges Kommunistiske Parti;0,09662;2889;1042;1
03;Oslo;0301;Oslo;1502;Rosenholm skole;PIR;Piratpartiet;0,19324;2889;1042;2
03;Oslo;0301;Oslo;1502;Rosenholm skole;PP;Pensjonistpartiet;0,38647;2889;1042;4
03;Oslo;0301;Oslo;1502;Rosenholm skole;PS;Partiet Sentrum;0,48309;2889;1042;5
03;Oslo;0301;Oslo;1502;Rosenholm skole;BLANKE;Blanke;0,67633;2889;1042;7
03;Oslo;0301;Oslo;1502;Rosenholm skole;FI;Feministisk Initiativ;0,0;2889;1042;0
03;Oslo;0301;Oslo;1502;Rosenholm skole;Andre;Andre;3,18841;2889;1042;33
03;Oslo;0301;Oslo;1502;Rosenholm skole;Andre2;Andre2;0,0;2889;1042;0
03;Oslo;0301;Oslo;1503;Toppåsen skole;A;Arbeiderpartiet;30,27211;3052;888;267
03;Oslo;0301;Oslo;1503;Toppåsen skole;SV;SV - Sosialistisk Venstreparti;16,66667;3052;888;147
03;Oslo;0301;Oslo;1503;Toppåsen skole;RØDT;Rødt;10,20408;3052;888;90
03;Oslo;0301;Oslo;1503;Toppåsen skole;SP;Senterpartiet;2,94785;3052;888;26
03;Oslo;0301;Oslo;1503;Toppåsen skole;KRF;Kristelig Folkeparti;3,62812;3052;888;32
03;Oslo;0301;Oslo;1503;Toppåsen skole;MDG;Miljøpartiet De Grønne;3,7415;3052;888;33
03;Oslo;0301;Oslo;1503;Toppåsen skole;V;Venstre;4,87528;3052;888;43
03;Oslo;0301;Oslo;1503;Toppåsen skole;H;Høyre;14,28571;3052;888;126
03;Oslo;0301;Oslo;1503;Toppåsen skole;FRP;Fremskrittspartiet;7,48299;3052;888;66
03;Oslo;0301;Oslo;1503;Toppåsen skole;AAN;Alliansen - Alternativ for Norge;0,0;3052;888;0
03;Oslo;0301;Oslo;1503;Toppåsen skole;DEMN;Demokratene;1,47392;3052;888;13
03;Oslo;0301;Oslo;1503;Toppåsen skole;FNB;Folkeaksjonen Nei til mer bompenger;0,56689;3052;888;5
03;Oslo;0301;Oslo;1503;Toppåsen skole;HELSE;Helsepartiet;0,22676;3052;888;2
03;Oslo;0301;Oslo;1503;Toppåsen skole;INP;Industri- og Næringspartiet;0,0;3052;888;0
03;Oslo;0301;Oslo;1503;Toppåsen skole;KRISTNE;Partiet De Kristne;0,56689;3052;888;5
03;Oslo;0301;Oslo;1503;Toppåsen skole;KYST;Kystpartiet;0,0;3052;888;0
03;Oslo;0301;Oslo;1503;Toppåsen skole;LIBS;Liberalistene;0,34014;3052;888;3
03;Oslo;0301;Oslo;1503;Toppåsen skole;NKP;Norges Kommunistiske Parti;0,0;3052;888;0
03;Oslo;0301;Oslo;1503;Toppåsen skole;PIR;Piratpartiet;0,56689;3052;888;5
03;Oslo;0301;Oslo;1503;Toppåsen skole;PP;Pensjonistpartiet;0,68027;3052;888;6
03;Oslo;0301;Oslo;1503;Toppåsen skole;PS;Partiet Sentrum;1,47392;3052;888;13
03;Oslo;0301;Oslo;1503;Toppåsen skole;BLANKE;Blanke;0,68027;3052;888;6
03;Oslo;0301;Oslo;1503;Toppåsen skole;FI;Feministisk Initiativ;0,0;3052;888;0
03;Oslo;0301;Oslo;1503;Toppåsen skole;Andre;Andre;5,89569;3052;888;52
03;Oslo;0301;Oslo;1503;Toppåsen skole;Andre2;Andre2;0,0;3052;888;0
03;Oslo;0301;Oslo;1504;Prinsdal skole;A;Arbeiderpartiet;29,06832;3015;812;234
03;Oslo;0301;Oslo;1504;Prinsdal skole;SV;SV - Sosialistisk Venstreparti;15,7764;3015;812;127
03;Oslo;0301;Oslo;1504;Prinsdal skole;RØDT;Rødt;9,06832;3015;812;73
03;Oslo;0301;Oslo;1504;Prinsdal skole;SP;Senterpartiet;5,46584;3015;812;44
03;Oslo;0301;Oslo;1504;Prinsdal skole;KRF;Kristelig Folkeparti;2,73292;3015;812;22
03;Oslo;0301;Oslo;1504;Prinsdal skole;MDG;Miljøpartiet De Grønne;4,47205;3015;812;36
03;Oslo;0301;Oslo;1504;Prinsdal skole;V;Venstre;6,58385;3015;812;53
03;Oslo;0301;Oslo;1504;Prinsdal skole;H;Høyre;16,77019;3015;812;135
03;Oslo;0301;Oslo;1504;Prinsdal skole;FRP;Fremskrittspartiet;7,95031;3015;812;64
03;Oslo;0301;Oslo;1504;Prinsdal skole;AAN;Alliansen - Alternativ for Norge;0,0;3015;812;0
03;Oslo;0301;Oslo;1504;Prinsdal skole;DEMN;Demokratene;0,24845;3015;812;2
03;Oslo;0301;Oslo;1504;Prinsdal skole;FNB;Folkeaksjonen Nei til mer bompenger;0,74534;3015;812;6
03;Oslo;0301;Oslo;1504;Prinsdal skole;HELSE;Helsepartiet;0,0;3015;812;0
03;Oslo;0301;Oslo;1504;Prinsdal skole;INP;Industri- og Næringspartiet;0,0;3015;812;0
03;Oslo;0301;Oslo;1504;Prinsdal skole;KRISTNE;Partiet De Kristne;0,0;3015;812;0
03;Oslo;0301;Oslo;1504;Prinsdal skole;KYST;Kystpartiet;0,0;3015;812;0
03;Oslo;0301;Oslo;1504;Prinsdal skole;LIBS;Liberalistene;0,12422;3015;812;1
03;Oslo;0301;Oslo;1504;Prinsdal skole;NKP;Norges Kommunistiske Parti;0,0;3015;812;0
03;Oslo;0301;Oslo;1504;Prinsdal skole;PIR;Piratpartiet;0,0;3015;812;0
03;Oslo;0301;Oslo;1504;Prinsdal skole;PP;Pensjonistpartiet;0,62112;3015;812;5
03;Oslo;0301;Oslo;1504;Prinsdal skole;PS;Partiet Sentrum;0,37267;3015;812;3
03;Oslo;0301;Oslo;1504;Prinsdal skole;BLANKE;Blanke;0,86957;3015;812;7
03;Oslo;0301;Oslo;1504;Prinsdal skole;FI;Feministisk Initiativ;0,0;3015;812;0
03;Oslo;0301;Oslo;1504;Prinsdal skole;Andre;Andre;2,1118;3015;812;17
03;Oslo;0301;Oslo;1504;Prinsdal skole;Andre2;Andre2;0,0;3015;812;0
03;Oslo;0301;Oslo;1505;Mortensrud skole;A;Arbeiderpartiet;35,85699;5428;960;341
03;Oslo;0301;Oslo;1505;Mortensrud skole;SV;SV - Sosialistisk Venstreparti;16,71924;5428;960;159
03;Oslo;0301;Oslo;1505;Mortensrud skole;RØDT;Rødt;10,72555;5428;960;102
03;Oslo;0301;Oslo;1505;Mortensrud skole;SP;Senterpartiet;5,25762;5428;960;50
03;Oslo;0301;Oslo;1505;Mortensrud skole;KRF;Kristelig Folkeparti;2,62881;5428;960;25
03;Oslo;0301;Oslo;1505;Mortensrud skole;MDG;Miljøpartiet De Grønne;3,04942;5428;960;29
03;Oslo;0301;Oslo;1505;Mortensrud skole;V;Venstre;4,62671;5428;960;44
03;Oslo;0301;Oslo;1505;Mortensrud skole;H;Høyre;11,77708;5428;960;112
03;Oslo;0301;Oslo;1505;Mortensrud skole;FRP;Fremskrittspartiet;4,2061;5428;960;40
03;Oslo;0301;Oslo;1505;Mortensrud skole;AAN;Alliansen - Alternativ for Norge;0,10515;5428;960;1
03;Oslo;0301;Oslo;1505;Mortensrud skole;DEMN;Demokratene;1,26183;5428;960;12
03;Oslo;0301;Oslo;1505;Mortensrud skole;FNB;Folkeaksjonen Nei til mer bompenger;0,42061;5428;960;4
03;Oslo;0301;Oslo;1505;Mortensrud skole;HELSE;Helsepartiet;0,2103;5428;960;2
03;Oslo;0301;Oslo;1505;Mortensrud skole;INP;Industri- og Næringspartiet;0,10515;5428;960;1
03;Oslo;0301;Oslo;1505;Mortensrud skole;KRISTNE;Partiet De Kristne;0,52576;5428;960;5
03;Oslo;0301;Oslo;1505;Mortensrud skole;KYST;Kystpartiet;0,0;5428;960;0
03;Oslo;0301;Oslo;1505;Mortensrud skole;LIBS;Liberalistene;0,10515;5428;960;1
03;Oslo;0301;Oslo;1505;Mortensrud skole;NKP;Norges Kommunistiske Parti;0,0;5428;960;0
03;Oslo;0301;Oslo;1505;Mortensrud skole;PIR;Piratpartiet;0,2103;5428;960;2
03;Oslo;0301;Oslo;1505;Mortensrud skole;PP;Pensjonistpartiet;0,31546;5428;960;3
03;Oslo;0301;Oslo;1505;Mortensrud skole;PS;Partiet Sentrum;1,89274;5428;960;18
03;Oslo;0301;Oslo;1505;Mortensrud skole;BLANKE;Blanke;0,94637;5428;960;9
03;Oslo;0301;Oslo;1505;Mortensrud skole;FI;Feministisk Initiativ;0,0;5428;960;0
03;Oslo;0301;Oslo;1505;Mortensrud skole;Andre;Andre;5,15247;5428;960;49
03;Oslo;0301;Oslo;1505;Mortensrud skole;Andre2;Andre2;0,0;5428;960;0
03;Oslo;0301;Oslo;1506;Klemetsrud skole;A;Arbeiderpartiet;34,03846;1823;520;177
03;Oslo;0301;Oslo;1506;Klemetsrud skole;SV;SV - Sosialistisk Venstreparti;8,26923;1823;520;43
03;Oslo;0301;Oslo;1506;Klemetsrud skole;RØDT;Rødt;5,76923;1823;520;30
03;Oslo;0301;Oslo;1506;Klemetsrud skole;SP;Senterpartiet;7,11538;1823;520;37
03;Oslo;0301;Oslo;1506;Klemetsrud skole;KRF;Kristelig Folkeparti;2,5;1823;520;13
03;Oslo;0301;Oslo;1506;Klemetsrud skole;MDG;Miljøpartiet De Grønne;1,92308;1823;520;10
03;Oslo;0301;Oslo;1506;Klemetsrud skole;V;Venstre;6,15385;1823;520;32
03;Oslo;0301;Oslo;1506;Klemetsrud skole;H;Høyre;19,42308;1823;520;101
03;Oslo;0301;Oslo;1506;Klemetsrud skole;FRP;Fremskrittspartiet;10,96154;1823;520;57
03;Oslo;0301;Oslo;1506;Klemetsrud skole;AAN;Alliansen - Alternativ for Norge;0,38462;1823;520;2
03;Oslo;0301;Oslo;1506;Klemetsrud skole;DEMN;Demokratene;0,38462;1823;520;2
03;Oslo;0301;Oslo;1506;Klemetsrud skole;FNB;Folkeaksjonen Nei til mer bompenger;0,76923;1823;520;4
03;Oslo;0301;Oslo;1506;Klemetsrud skole;HELSE;Helsepartiet;0,0;1823;520;0
03;Oslo;0301;Oslo;1506;Klemetsrud skole;INP;Industri- og Næringspartiet;0,0;1823;520;0
03;Oslo;0301;Oslo;1506;Klemetsrud skole;KRISTNE;Partiet De Kristne;0,19231;1823;520;1
03;Oslo;0301;Oslo;1506;Klemetsrud skole;KYST;Kystpartiet;0,0;1823;520;0
03;Oslo;0301;Oslo;1506;Klemetsrud skole;LIBS;Liberalistene;0,19231;1823;520;1
03;Oslo;0301;Oslo;1506;Klemetsrud skole;NKP;Norges Kommunistiske Parti;0,0;1823;520;0
03;Oslo;0301;Oslo;1506;Klemetsrud skole;PIR;Piratpartiet;0,0;1823;520;0
03;Oslo;0301;Oslo;1506;Klemetsrud skole;PP;Pensjonistpartiet;0,38462;1823;520;2
03;Oslo;0301;Oslo;1506;Klemetsrud skole;PS;Partiet Sentrum;1,34615;1823;520;7
03;Oslo;0301;Oslo;1506;Klemetsrud skole;BLANKE;Blanke;0,0;1823;520;0
03;Oslo;0301;Oslo;1506;Klemetsrud skole;FI;Feministisk Initiativ;0,19231;1823;520;1
03;Oslo;0301;Oslo;1506;Klemetsrud skole;Andre;Andre;3,84615;1823;520;20
03;Oslo;0301;Oslo;1506;Klemetsrud skole;Andre2;Andre2;0,0;1823;520;0
03;Oslo;0301;Oslo;1507;Bjørndal skole;A;Arbeiderpartiet;38,51732;4934;1252;478
03;Oslo;0301;Oslo;1507;Bjørndal skole;SV;SV - Sosialistisk Venstreparti;16,43836;4934;1252;204
03;Oslo;0301;Oslo;1507;Bjørndal skole;RØDT;Rødt;12,24819;4934;1252;152
03;Oslo;0301;Oslo;1507;Bjørndal skole;SP;Senterpartiet;4,27075;4934;1252;53
03;Oslo;0301;Oslo;1507;Bjørndal skole;KRF;Kristelig Folkeparti;1,36986;4934;1252;17
03;Oslo;0301;Oslo;1507;Bjørndal skole;MDG;Miljøpartiet De Grønne;2,73973;4934;1252;34
03;Oslo;0301;Oslo;1507;Bjørndal skole;V;Venstre;3,70669;4934;1252;46
03;Oslo;0301;Oslo;1507;Bjørndal skole;H;Høyre;10,9589;4934;1252;136
03;Oslo;0301;Oslo;1507;Bjørndal skole;FRP;Fremskrittspartiet;5,15713;4934;1252;64
03;Oslo;0301;Oslo;1507;Bjørndal skole;AAN;Alliansen - Alternativ for Norge;0,08058;4934;1252;1
03;Oslo;0301;Oslo;1507;Bjørndal skole;DEMN;Demokratene;0,56406;4934;1252;7
03;Oslo;0301;Oslo;1507;Bjørndal skole;FNB;Folkeaksjonen Nei til mer bompenger;0,96696;4934;1252;12
03;Oslo;0301;Oslo;1507;Bjørndal skole;HELSE;Helsepartiet;0,16116;4934;1252;2
03;Oslo;0301;Oslo;1507;Bjørndal skole;INP;Industri- og Næringspartiet;0,16116;4934;1252;2
03;Oslo;0301;Oslo;1507;Bjørndal skole;KRISTNE;Partiet De Kristne;0,4029;4934;1252;5
03;Oslo;0301;Oslo;1507;Bjørndal skole;KYST;Kystpartiet;0,08058;4934;1252;1
03;Oslo;0301;Oslo;1507;Bjørndal skole;LIBS;Liberalistene;0,16116;4934;1252;2
03;Oslo;0301;Oslo;1507;Bjørndal skole;NKP;Norges Kommunistiske Parti;0,08058;4934;1252;1
03;Oslo;0301;Oslo;1507;Bjørndal skole;PIR;Piratpartiet;0,16116;4934;1252;2
03;Oslo;0301;Oslo;1507;Bjørndal skole;PP;Pensjonistpartiet;0,08058;4934;1252;1
03;Oslo;0301;Oslo;1507;Bjørndal skole;PS;Partiet Sentrum;1,69218;4934;1252;21
03;Oslo;0301;Oslo;1507;Bjørndal skole;BLANKE;Blanke;0,88638;4934;1252;11
03;Oslo;0301;Oslo;1507;Bjørndal skole;FI;Feministisk Initiativ;0,0;4934;1252;0
03;Oslo;0301;Oslo;1507;Bjørndal skole;Andre;Andre;4,59307;4934;1252;57
03;Oslo;0301;Oslo;1507;Bjørndal skole;Andre2;Andre2;0,0;4934;1252;0
03;Oslo;0301;Oslo;0201;Teglverket skole;A;Arbeiderpartiet;26,10442;6322;2257;585
03;Oslo;0301;Oslo;0201;Teglverket skole;SV;SV - Sosialistisk Venstreparti;15,61803;6322;2257;350
03;Oslo;0301;Oslo;0201;Teglverket skole;RØDT;Rødt;10,12941;6322;2257;227
03;Oslo;0301;Oslo;0201;Teglverket skole;SP;Senterpartiet;2,90049;6322;2257;65
03;Oslo;0301;Oslo;0201;Teglverket skole;KRF;Kristelig Folkeparti;1,96341;6322;2257;44
03;Oslo;0301;Oslo;0201;Teglverket skole;MDG;Miljøpartiet De Grønne;10,3079;6322;2257;231
03;Oslo;0301;Oslo;0201;Teglverket skole;V;Venstre;11,2896;6322;2257;253
03;Oslo;0301;Oslo;0201;Teglverket skole;H;Høyre;16,01963;6322;2257;359
03;Oslo;0301;Oslo;0201;Teglverket skole;FRP;Fremskrittspartiet;3,97144;6322;2257;89
03;Oslo;0301;Oslo;0201;Teglverket skole;AAN;Alliansen - Alternativ for Norge;0,04462;6322;2257;1
03;Oslo;0301;Oslo;0201;Teglverket skole;DEMN;Demokratene;0,53548;6322;2257;12
03;Oslo;0301;Oslo;0201;Teglverket skole;FNB;Folkeaksjonen Nei til mer bompenger;0,22311;6322;2257;5
03;Oslo;0301;Oslo;0201;Teglverket skole;HELSE;Helsepartiet;0,22311;6322;2257;5
03;Oslo;0301;Oslo;0201;Teglverket skole;INP;Industri- og Næringspartiet;0,04462;6322;2257;1
03;Oslo;0301;Oslo;0201;Teglverket skole;KRISTNE;Partiet De Kristne;0,04462;6322;2257;1
03;Oslo;0301;Oslo;0201;Teglverket skole;KYST;Kystpartiet;0,0;6322;2257;0
03;Oslo;0301;Oslo;0201;Teglverket skole;LIBS;Liberalistene;0,0;6322;2257;0
03;Oslo;0301;Oslo;0201;Teglverket skole;NKP;Norges Kommunistiske Parti;0,13387;6322;2257;3
03;Oslo;0301;Oslo;0201;Teglverket skole;PIR;Piratpartiet;0,04462;6322;2257;1
03;Oslo;0301;Oslo;0201;Teglverket skole;PP;Pensjonistpartiet;0,17849;6322;2257;4
03;Oslo;0301;Oslo;0201;Teglverket skole;PS;Partiet Sentrum;0,13387;6322;2257;3
03;Oslo;0301;Oslo;0201;Teglverket skole;BLANKE;Blanke;0,71397;6322;2257;16
03;Oslo;0301;Oslo;0201;Teglverket skole;FI;Feministisk Initiativ;0,08925;6322;2257;2
03;Oslo;0301;Oslo;0201;Teglverket skole;Andre;Andre;1,69567;6322;2257;38
03;Oslo;0301;Oslo;0201;Teglverket skole;Andre2;Andre2;0,0;6322;2257;0
03;Oslo;0301;Oslo;0202;Sinsen skole;A;Arbeiderpartiet;27,69797;12398;2738;752
03;Oslo;0301;Oslo;0202;Sinsen skole;SV;SV - Sosialistisk Venstreparti;13,77532;12398;2738;374
03;Oslo;0301;Oslo;0202;Sinsen skole;RØDT;Rødt;8,50829;12398;2738;231
03;Oslo;0301;Oslo;0202;Sinsen skole;SP;Senterpartiet;3,13076;12398;2738;85
03;Oslo;0301;Oslo;0202;Sinsen skole;KRF;Kristelig Folkeparti;2,68877;12398;2738;73
03;Oslo;0301;Oslo;0202;Sinsen skole;MDG;Miljøpartiet De Grønne;8,02947;12398;2738;218
03;Oslo;0301;Oslo;0202;Sinsen skole;V;Venstre;10,34991;12398;2738;281
03;Oslo;0301;Oslo;0202;Sinsen skole;H;Høyre;17,97422;12398;2738;488
03;Oslo;0301;Oslo;0202;Sinsen skole;FRP;Fremskrittspartiet;5,63536;12398;2738;153
03;Oslo;0301;Oslo;0202;Sinsen skole;AAN;Alliansen - Alternativ for Norge;0,0;12398;2738;0
03;Oslo;0301;Oslo;0202;Sinsen skole;DEMN;Demokratene;0,66298;12398;2738;18
03;Oslo;0301;Oslo;0202;Sinsen skole;FNB;Folkeaksjonen Nei til mer bompenger;0,29466;12398;2738;8
03;Oslo;0301;Oslo;0202;Sinsen skole;HELSE;Helsepartiet;0,29466;12398;2738;8
03;Oslo;0301;Oslo;0202;Sinsen skole;INP;Industri- og Næringspartiet;0,03683;12398;2738;1
03;Oslo;0301;Oslo;0202;Sinsen skole;KRISTNE;Partiet De Kristne;0,1105;12398;2738;3
03;Oslo;0301;Oslo;0202;Sinsen skole;KYST;Kystpartiet;0,0;12398;2738;0
03;Oslo;0301;Oslo;0202;Sinsen skole;LIBS;Liberalistene;0,14733;12398;2738;4
03;Oslo;0301;Oslo;0202;Sinsen skole;NKP;Norges Kommunistiske Parti;0,03683;12398;2738;1
03;Oslo;0301;Oslo;0202;Sinsen skole;PIR;Piratpartiet;0,07366;12398;2738;2
03;Oslo;0301;Oslo;0202;Sinsen skole;PP;Pensjonistpartiet;0,29466;12398;2738;8
03;Oslo;0301;Oslo;0202;Sinsen skole;PS;Partiet Sentrum;0,14733;12398;2738;4
03;Oslo;0301;Oslo;0202;Sinsen skole;BLANKE;Blanke;0,84715;12398;2738;23
03;Oslo;0301;Oslo;0202;Sinsen skole;FI;Feministisk Initiativ;0,1105;12398;2738;3
03;Oslo;0301;Oslo;0202;Sinsen skole;Andre;Andre;2,20994;12398;2738;60
03;Oslo;0301;Oslo;0202;Sinsen skole;Andre2;Andre2;0,0;12398;2738;0
03;Oslo;0301;Oslo;0203;Sofienberg skole;A;Arbeiderpartiet;22,69861;9257;2391;540
03;Oslo;0301;Oslo;0203;Sofienberg skole;SV;SV - Sosialistisk Venstreparti;21,14334;9257;2391;503
03;Oslo;0301;Oslo;0203;Sofienberg skole;RØDT;Rødt;12,4422;9257;2391;296
03;Oslo;0301;Oslo;0203;Sofienberg skole;SP;Senterpartiet;2,35393;9257;2391;56
03;Oslo;0301;Oslo;0203;Sofienberg skole;KRF;Kristelig Folkeparti;1,26103;9257;2391;30
03;Oslo;0301;Oslo;0203;Sofienberg skole;MDG;Miljøpartiet De Grønne;9,752;9257;2391;232
03;Oslo;0301;Oslo;0203;Sofienberg skole;V;Venstre;13,61917;9257;2391;324
03;Oslo;0301;Oslo;0203;Sofienberg skole;H;Høyre;11,68558;9257;2391;278
03;Oslo;0301;Oslo;0203;Sofienberg skole;FRP;Fremskrittspartiet;3,32072;9257;2391;79
03;Oslo;0301;Oslo;0203;Sofienberg skole;AAN;Alliansen - Alternativ for Norge;0,04203;9257;2391;1
03;Oslo;0301;Oslo;0203;Sofienberg skole;DEMN;Demokratene;0,50441;9257;2391;12
03;Oslo;0301;Oslo;0203;Sofienberg skole;FNB;Folkeaksjonen Nei til mer bompenger;0,1261;9257;2391;3
03;Oslo;0301;Oslo;0203;Sofienberg skole;HELSE;Helsepartiet;0,08407;9257;2391;2
03;Oslo;0301;Oslo;0203;Sofienberg skole;INP;Industri- og Næringspartiet;0,0;9257;2391;0
03;Oslo;0301;Oslo;0203;Sofienberg skole;KRISTNE;Partiet De Kristne;0,1261;9257;2391;3
03;Oslo;0301;Oslo;0203;Sofienberg skole;KYST;Kystpartiet;0,0;9257;2391;0
03;Oslo;0301;Oslo;0203;Sofienberg skole;LIBS;Liberalistene;0,25221;9257;2391;6
03;Oslo;0301;Oslo;0203;Sofienberg skole;NKP;Norges Kommunistiske Parti;0,04203;9257;2391;1
03;Oslo;0301;Oslo;0203;Sofienberg skole;PIR;Piratpartiet;0,16814;9257;2391;4
03;Oslo;0301;Oslo;0203;Sofienberg skole;PP;Pensjonistpartiet;0,21017;9257;2391;5
03;Oslo;0301;Oslo;0203;Sofienberg skole;PS;Partiet Sentrum;0,08407;9257;2391;2
03;Oslo;0301;Oslo;0203;Sofienberg skole;BLANKE;Blanke;0,50441;9257;2391;12
03;Oslo;0301;Oslo;0203;Sofienberg skole;FI;Feministisk Initiativ;0,08407;9257;2391;2
03;Oslo;0301;Oslo;0203;Sofienberg skole;Andre;Andre;1,72341;9257;2391;41
03;Oslo;0301;Oslo;0203;Sofienberg skole;Andre2;Andre2;0,0;9257;2391;0
03;Oslo;0301;Oslo;0204;Grünerløkka skole;A;Arbeiderpartiet;20,43269;5143;2095;425
03;Oslo;0301;Oslo;0204;Grünerløkka skole;SV;SV - Sosialistisk Venstreparti;17,93269;5143;2095;373
03;Oslo;0301;Oslo;0204;Grünerløkka skole;RØDT;Rødt;13,79808;5143;2095;287
03;Oslo;0301;Oslo;0204;Grünerløkka skole;SP;Senterpartiet;1,92308;5143;2095;40
03;Oslo;0301;Oslo;0204;Grünerløkka skole;KRF;Kristelig Folkeparti;1,25;5143;2095;26
03;Oslo;0301;Oslo;0204;Grünerløkka skole;MDG;Miljøpartiet De Grønne;11,39423;5143;2095;237
03;Oslo;0301;Oslo;0204;Grünerløkka skole;V;Venstre;15,14423;5143;2095;315
03;Oslo;0301;Oslo;0204;Grünerløkka skole;H;Høyre;13,46154;5143;2095;280
03;Oslo;0301;Oslo;0204;Grünerløkka skole;FRP;Fremskrittspartiet;3,60577;5143;2095;75
03;Oslo;0301;Oslo;0204;Grünerløkka skole;AAN;Alliansen - Alternativ for Norge;0,0;5143;2095;0
03;Oslo;0301;Oslo;0204;Grünerløkka skole;DEMN;Demokratene;0,43269;5143;2095;9
03;Oslo;0301;Oslo;0204;Grünerløkka skole;FNB;Folkeaksjonen Nei til mer bompenger;0,04808;5143;2095;1
03;Oslo;0301;Oslo;0204;Grünerløkka skole;HELSE;Helsepartiet;0,09615;5143;2095;2
03;Oslo;0301;Oslo;0204;Grünerløkka skole;INP;Industri- og Næringspartiet;0,0;5143;2095;0
03;Oslo;0301;Oslo;0204;Grünerløkka skole;KRISTNE;Partiet De Kristne;0,0;5143;2095;0
03;Oslo;0301;Oslo;0204;Grünerløkka skole;KYST;Kystpartiet;0,0;5143;2095;0
03;Oslo;0301;Oslo;0204;Grünerløkka skole;LIBS;Liberalistene;0,09615;5143;2095;2
03;Oslo;0301;Oslo;0204;Grünerløkka skole;NKP;Norges Kommunistiske Parti;0,09615;5143;2095;2
03;Oslo;0301;Oslo;0204;Grünerløkka skole;PIR;Piratpartiet;0,09615;5143;2095;2
03;Oslo;0301;Oslo;0204;Grünerløkka skole;PP;Pensjonistpartiet;0,04808;5143;2095;1
03;Oslo;0301;Oslo;0204;Grünerløkka skole;PS;Partiet Sentrum;0,14423;5143;2095;3
03;Oslo;0301;Oslo;0204;Grünerløkka skole;BLANKE;Blanke;0,72115;5143;2095;15
03;Oslo;0301;Oslo;0204;Grünerløkka skole;FI;Feministisk Initiativ;0,0;5143;2095;0
03;Oslo;0301;Oslo;0204;Grünerløkka skole;Andre;Andre;1,05769;5143;2095;22
03;Oslo;0301;Oslo;0204;Grünerløkka skole;Andre2;Andre2;0,0;5143;2095;0
03;Oslo;0301;Oslo;0205;Foss videregående skole;A;Arbeiderpartiet;19,54023;5131;1490;289
03;Oslo;0301;Oslo;0205;Foss videregående skole;SV;SV - Sosialistisk Venstreparti;17,24138;5131;1490;255
03;Oslo;0301;Oslo;0205;Foss videregående skole;RØDT;Rødt;12,50845;5131;1490;185
03;Oslo;0301;Oslo;0205;Foss videregående skole;SP;Senterpartiet;2,36646;5131;1490;35
03;Oslo;0301;Oslo;0205;Foss videregående skole;KRF;Kristelig Folkeparti;0,40568;5131;1490;6
03;Oslo;0301;Oslo;0205;Foss videregående skole;MDG;Miljøpartiet De Grønne;12,7789;5131;1490;189
03;Oslo;0301;Oslo;0205;Foss videregående skole;V;Venstre;13,7931;5131;1490;204
03;Oslo;0301;Oslo;0205;Foss videregående skole;H;Høyre;15,07776;5131;1490;223
03;Oslo;0301;Oslo;0205;Foss videregående skole;FRP;Fremskrittspartiet;4,46247;5131;1490;66
03;Oslo;0301;Oslo;0205;Foss videregående skole;AAN;Alliansen - Alternativ for Norge;0,0;5131;1490;0
03;Oslo;0301;Oslo;0205;Foss videregående skole;DEMN;Demokratene;0,67613;5131;1490;10
03;Oslo;0301;Oslo;0205;Foss videregående skole;FNB;Folkeaksjonen Nei til mer bompenger;0,06761;5131;1490;1
03;Oslo;0301;Oslo;0205;Foss videregående skole;HELSE;Helsepartiet;0,0;5131;1490;0
03;Oslo;0301;Oslo;0205;Foss videregående skole;INP;Industri- og Næringspartiet;0,0;5131;1490;0
03;Oslo;0301;Oslo;0205;Foss videregående skole;KRISTNE;Partiet De Kristne;0,0;5131;1490;0
03;Oslo;0301;Oslo;0205;Foss videregående skole;KYST;Kystpartiet;0,0;5131;1490;0
03;Oslo;0301;Oslo;0205;Foss videregående skole;LIBS;Liberalistene;0,13523;5131;1490;2
03;Oslo;0301;Oslo;0205;Foss videregående skole;NKP;Norges Kommunistiske Parti;0,0;5131;1490;0
03;Oslo;0301;Oslo;0205;Foss videregående skole;PIR;Piratpartiet;0,33807;5131;1490;5
03;Oslo;0301;Oslo;0205;Foss videregående skole;PP;Pensjonistpartiet;0,20284;5131;1490;3
03;Oslo;0301;Oslo;0205;Foss videregående skole;PS;Partiet Sentrum;0,40568;5131;1490;6
03;Oslo;0301;Oslo;0205;Foss videregående skole;BLANKE;Blanke;0,74375;5131;1490;11
03;Oslo;0301;Oslo;0205;Foss videregående skole;FI;Feministisk Initiativ;0,0;5131;1490;0
03;Oslo;0301;Oslo;0205;Foss videregående skole;Andre;Andre;1,82556;5131;1490;27
03;Oslo;0301;Oslo;0205;Foss videregående skole;Andre2;Andre2;0,0;5131;1490;0
03;Oslo;0301;Oslo;0206;Anker Hotel;A;Arbeiderpartiet;23,12224;6946;1375;314
03;Oslo;0301;Oslo;0206;Anker Hotel;SV;SV - Sosialistisk Venstreparti;19,1458;6946;1375;260
03;Oslo;0301;Oslo;0206;Anker Hotel;RØDT;Rødt;12,96024;6946;1375;176
03;Oslo;0301;Oslo;0206;Anker Hotel;SP;Senterpartiet;1,98822;6946;1375;27
03;Oslo;0301;Oslo;0206;Anker Hotel;KRF;Kristelig Folkeparti;1,03093;6946;1375;14
03;Oslo;0301;Oslo;0206;Anker Hotel;MDG;Miljøpartiet De Grønne;9,27835;6946;1375;126
03;Oslo;0301;Oslo;0206;Anker Hotel;V;Venstre;12,81296;6946;1375;174
03;Oslo;0301;Oslo;0206;Anker Hotel;H;Høyre;11,63476;6946;1375;158
03;Oslo;0301;Oslo;0206;Anker Hotel;FRP;Fremskrittspartiet;4,93373;6946;1375;67
03;Oslo;0301;Oslo;0206;Anker Hotel;AAN;Alliansen - Alternativ for Norge;0,14728;6946;1375;2
03;Oslo;0301;Oslo;0206;Anker Hotel;DEMN;Demokratene;0,73638;6946;1375;10
03;Oslo;0301;Oslo;0206;Anker Hotel;FNB;Folkeaksjonen Nei til mer bompenger;0,44183;6946;1375;6
03;Oslo;0301;Oslo;0206;Anker Hotel;HELSE;Helsepartiet;0,14728;6946;1375;2
03;Oslo;0301;Oslo;0206;Anker Hotel;INP;Industri- og Næringspartiet;0,07364;6946;1375;1
03;Oslo;0301;Oslo;0206;Anker Hotel;KRISTNE;Partiet De Kristne;0,07364;6946;1375;1
03;Oslo;0301;Oslo;0206;Anker Hotel;KYST;Kystpartiet;0,0;6946;1375;0
03;Oslo;0301;Oslo;0206;Anker Hotel;LIBS;Liberalistene;0,51546;6946;1375;7
03;Oslo;0301;Oslo;0206;Anker Hotel;NKP;Norges Kommunistiske Parti;0,0;6946;1375;0
03;Oslo;0301;Oslo;0206;Anker Hotel;PIR;Piratpartiet;0,22091;6946;1375;3
03;Oslo;0301;Oslo;0206;Anker Hotel;PP;Pensjonistpartiet;0,14728;6946;1375;2
03;Oslo;0301;Oslo;0206;Anker Hotel;PS;Partiet Sentrum;0,51546;6946;1375;7
03;Oslo;0301;Oslo;0206;Anker Hotel;BLANKE;Blanke;1,25184;6946;1375;17
03;Oslo;0301;Oslo;0206;Anker Hotel;FI;Feministisk Initiativ;0,07364;6946;1375;1
03;Oslo;0301;Oslo;0206;Anker Hotel;Andre;Andre;3,09278;6946;1375;42
03;Oslo;0301;Oslo;0206;Anker Hotel;Andre2;Andre2;0,0;6946;1375;0
03;Oslo;0301;Oslo;0301;Sagene samfunnshus;A;Arbeiderpartiet;20,96995;5620;1477;307
03;Oslo;0301;Oslo;0301;Sagene samfunnshus;SV;SV - Sosialistisk Venstreparti;19,46721;5620;1477;285
03;Oslo;0301;Oslo;0301;Sagene samfunnshus;RØDT;Rødt;9,63115;5620;1477;141
03;Oslo;0301;Oslo;0301;Sagene samfunnshus;SP;Senterpartiet;3,96175;5620;1477;58
03;Oslo;0301;Oslo;0301;Sagene samfunnshus;KRF;Kristelig Folkeparti;1,77596;5620;1477;26
03;Oslo;0301;Oslo;0301;Sagene samfunnshus;MDG;Miljøpartiet De Grønne;12,70492;5620;1477;186
03;Oslo;0301;Oslo;0301;Sagene samfunnshus;V;Venstre;13,31967;5620;1477;195
03;Oslo;0301;Oslo;0301;Sagene samfunnshus;H;Høyre;11,74863;5620;1477;172
03;Oslo;0301;Oslo;0301;Sagene samfunnshus;FRP;Fremskrittspartiet;4,03005;5620;1477;59
03;Oslo;0301;Oslo;0301;Sagene samfunnshus;AAN;Alliansen - Alternativ for Norge;0,13661;5620;1477;2
03;Oslo;0301;Oslo;0301;Sagene samfunnshus;DEMN;Demokratene;0,68306;5620;1477;10
03;Oslo;0301;Oslo;0301;Sagene samfunnshus;FNB;Folkeaksjonen Nei til mer bompenger;0,40984;5620;1477;6
03;Oslo;0301;Oslo;0301;Sagene samfunnshus;HELSE;Helsepartiet;0,13661;5620;1477;2
03;Oslo;0301;Oslo;0301;Sagene samfunnshus;INP;Industri- og Næringspartiet;0,06831;5620;1477;1
03;Oslo;0301;Oslo;0301;Sagene samfunnshus;KRISTNE;Partiet De Kristne;0,0;5620;1477;0
03;Oslo;0301;Oslo;0301;Sagene samfunnshus;KYST;Kystpartiet;0,0;5620;1477;0
03;Oslo;0301;Oslo;0301;Sagene samfunnshus;LIBS;Liberalistene;0,20492;5620;1477;3
03;Oslo;0301;Oslo;0301;Sagene samfunnshus;NKP;Norges Kommunistiske Parti;0,0;5620;1477;0
03;Oslo;0301;Oslo;0301;Sagene samfunnshus;PIR;Piratpartiet;0,0;5620;1477;0
03;Oslo;0301;Oslo;0301;Sagene samfunnshus;PP;Pensjonistpartiet;0,06831;5620;1477;1
03;Oslo;0301;Oslo;0301;Sagene samfunnshus;PS;Partiet Sentrum;0,61475;5620;1477;9
03;Oslo;0301;Oslo;0301;Sagene samfunnshus;BLANKE;Blanke;0,88798;5620;1477;13
03;Oslo;0301;Oslo;0301;Sagene samfunnshus;FI;Feministisk Initiativ;0,06831;5620;1477;1
03;Oslo;0301;Oslo;0301;Sagene samfunnshus;Andre;Andre;2,39071;5620;1477;35
03;Oslo;0301;Oslo;0301;Sagene samfunnshus;Andre2;Andre2;0,0;5620;1477;0
03;Oslo;0301;Oslo;0302;Bjølsen skole;A;Arbeiderpartiet;23,22244;4538;1549;356
03;Oslo;0301;Oslo;0302;Bjølsen skole;SV;SV - Sosialistisk Venstreparti;18,33007;4538;1549;281
03;Oslo;0301;Oslo;0302;Bjølsen skole;RØDT;Rødt;9,78474;4538;1549;150
03;Oslo;0301;Oslo;0302;Bjølsen skole;SP;Senterpartiet;3,91389;4538;1549;60
03;Oslo;0301;Oslo;0302;Bjølsen skole;KRF;Kristelig Folkeparti;1,63079;4538;1549;25
03;Oslo;0301;Oslo;0302;Bjølsen skole;MDG;Miljøpartiet De Grønne;11,54599;4538;1549;177
03;Oslo;0301;Oslo;0302;Bjølsen skole;V;Venstre;9,98043;4538;1549;153
03;Oslo;0301;Oslo;0302;Bjølsen skole;H;Høyre;14,41618;4538;1549;221
03;Oslo;0301;Oslo;0302;Bjølsen skole;FRP;Fremskrittspartiet;4,56621;4538;1549;70
03;Oslo;0301;Oslo;0302;Bjølsen skole;AAN;Alliansen - Alternativ for Norge;0,13046;4538;1549;2
03;Oslo;0301;Oslo;0302;Bjølsen skole;DEMN;Demokratene;0,71755;4538;1549;11
03;Oslo;0301;Oslo;0302;Bjølsen skole;FNB;Folkeaksjonen Nei til mer bompenger;0,19569;4538;1549;3
03;Oslo;0301;Oslo;0302;Bjølsen skole;HELSE;Helsepartiet;0,19569;4538;1549;3
03;Oslo;0301;Oslo;0302;Bjølsen skole;INP;Industri- og Næringspartiet;0,06523;4538;1549;1
03;Oslo;0301;Oslo;0302;Bjølsen skole;KRISTNE;Partiet De Kristne;0,0;4538;1549;0
03;Oslo;0301;Oslo;0302;Bjølsen skole;KYST;Kystpartiet;0,0;4538;1549;0
03;Oslo;0301;Oslo;0302;Bjølsen skole;LIBS;Liberalistene;0,19569;4538;1549;3
03;Oslo;0301;Oslo;0302;Bjølsen skole;NKP;Norges Kommunistiske Parti;0,0;4538;1549;0
03;Oslo;0301;Oslo;0302;Bjølsen skole;PIR;Piratpartiet;0,19569;4538;1549;3
03;Oslo;0301;Oslo;0302;Bjølsen skole;PP;Pensjonistpartiet;0,32616;4538;1549;5
03;Oslo;0301;Oslo;0302;Bjølsen skole;PS;Partiet Sentrum;0,52185;4538;1549;8
03;Oslo;0301;Oslo;0302;Bjølsen skole;BLANKE;Blanke;1,04371;4538;1549;16
03;Oslo;0301;Oslo;0302;Bjølsen skole;FI;Feministisk Initiativ;0,06523;4538;1549;1
03;Oslo;0301;Oslo;0302;Bjølsen skole;Andre;Andre;2,60926;4538;1549;40
03;Oslo;0301;Oslo;0302;Bjølsen skole;Andre2;Andre2;0,0;4538;1549;0
03;Oslo;0301;Oslo;0303;Nordpolen skole;A;Arbeiderpartiet;25,36675;4510;1640;415
03;Oslo;0301;Oslo;0303;Nordpolen skole;SV;SV - Sosialistisk Venstreparti;16,68704;4510;1640;273
03;Oslo;0301;Oslo;0303;Nordpolen skole;RØDT;Rødt;10,69682;4510;1640;175
03;Oslo;0301;Oslo;0303;Nordpolen skole;SP;Senterpartiet;3,48411;4510;1640;57
03;Oslo;0301;Oslo;0303;Nordpolen skole;KRF;Kristelig Folkeparti;1,65037;4510;1640;27
03;Oslo;0301;Oslo;0303;Nordpolen skole;MDG;Miljøpartiet De Grønne;10,33007;4510;1640;169
03;Oslo;0301;Oslo;0303;Nordpolen skole;V;Venstre;12,95844;4510;1640;212
03;Oslo;0301;Oslo;0303;Nordpolen skole;H;Høyre;12,95844;4510;1640;212
03;Oslo;0301;Oslo;0303;Nordpolen skole;FRP;Fremskrittspartiet;4,15648;4510;1640;68
03;Oslo;0301;Oslo;0303;Nordpolen skole;AAN;Alliansen - Alternativ for Norge;0,0;4510;1640;0
03;Oslo;0301;Oslo;0303;Nordpolen skole;DEMN;Demokratene;0,79462;4510;1640;13
03;Oslo;0301;Oslo;0303;Nordpolen skole;FNB;Folkeaksjonen Nei til mer bompenger;0,06112;4510;1640;1
03;Oslo;0301;Oslo;0303;Nordpolen skole;HELSE;Helsepartiet;0,0;4510;1640;0
03;Oslo;0301;Oslo;0303;Nordpolen skole;INP;Industri- og Næringspartiet;0,12225;4510;1640;2
03;Oslo;0301;Oslo;0303;Nordpolen skole;KRISTNE;Partiet De Kristne;0,12225;4510;1640;2
03;Oslo;0301;Oslo;0303;Nordpolen skole;KYST;Kystpartiet;0,06112;4510;1640;1
03;Oslo;0301;Oslo;0303;Nordpolen skole;LIBS;Liberalistene;0,2445;4510;1640;4
03;Oslo;0301;Oslo;0303;Nordpolen skole;NKP;Norges Kommunistiske Parti;0,06112;4510;1640;1
03;Oslo;0301;Oslo;0303;Nordpolen skole;PIR;Piratpartiet;0,0;4510;1640;0
03;Oslo;0301;Oslo;0303;Nordpolen skole;PP;Pensjonistpartiet;0,12225;4510;1640;2
03;Oslo;0301;Oslo;0303;Nordpolen skole;PS;Partiet Sentrum;0,12225;4510;1640;2
03;Oslo;0301;Oslo;0303;Nordpolen skole;BLANKE;Blanke;0,2445;4510;1640;4
03;Oslo;0301;Oslo;0303;Nordpolen skole;FI;Feministisk Initiativ;0,0;4510;1640;0
03;Oslo;0301;Oslo;0303;Nordpolen skole;Andre;Andre;1,71149;4510;1640;28
03;Oslo;0301;Oslo;0303;Nordpolen skole;Andre2;Andre2;0,0;4510;1640;0
03;Oslo;0301;Oslo;0304;Lilleborg skole;A;Arbeiderpartiet;22,89874;4728;1523;346
03;Oslo;0301;Oslo;0304;Lilleborg skole;SV;SV - Sosialistisk Venstreparti;19,39113;4728;1523;293
03;Oslo;0301;Oslo;0304;Lilleborg skole;RØDT;Rødt;12,50827;4728;1523;189
03;Oslo;0301;Oslo;0304;Lilleborg skole;SP;Senterpartiet;2,38253;4728;1523;36
03;Oslo;0301;Oslo;0304;Lilleborg skole;KRF;Kristelig Folkeparti;0,79418;4728;1523;12
03;Oslo;0301;Oslo;0304;Lilleborg skole;MDG;Miljøpartiet De Grønne;11,84646;4728;1523;179
03;Oslo;0301;Oslo;0304;Lilleborg skole;V;Venstre;12,37591;4728;1523;187
03;Oslo;0301;Oslo;0304;Lilleborg skole;H;Høyre;12,24355;4728;1523;185
03;Oslo;0301;Oslo;0304;Lilleborg skole;FRP;Fremskrittspartiet;3,97088;4728;1523;60
03;Oslo;0301;Oslo;0304;Lilleborg skole;AAN;Alliansen - Alternativ for Norge;0,0;4728;1523;0
03;Oslo;0301;Oslo;0304;Lilleborg skole;DEMN;Demokratene;0,52945;4728;1523;8
03;Oslo;0301;Oslo;0304;Lilleborg skole;FNB;Folkeaksjonen Nei til mer bompenger;0,06618;4728;1523;1
03;Oslo;0301;Oslo;0304;Lilleborg skole;HELSE;Helsepartiet;0,0;4728;1523;0
03;Oslo;0301;Oslo;0304;Lilleborg skole;INP;Industri- og Næringspartiet;0,0;4728;1523;0
03;Oslo;0301;Oslo;0304;Lilleborg skole;KRISTNE;Partiet De Kristne;0,13236;4728;1523;2
03;Oslo;0301;Oslo;0304;Lilleborg skole;KYST;Kystpartiet;0,0;4728;1523;0
03;Oslo;0301;Oslo;0304;Lilleborg skole;LIBS;Liberalistene;0,0;4728;1523;0
03;Oslo;0301;Oslo;0304;Lilleborg skole;NKP;Norges Kommunistiske Parti;0,0;4728;1523;0
03;Oslo;0301;Oslo;0304;Lilleborg skole;PIR;Piratpartiet;0,19854;4728;1523;3
03;Oslo;0301;Oslo;0304;Lilleborg skole;PP;Pensjonistpartiet;0,19854;4728;1523;3
03;Oslo;0301;Oslo;0304;Lilleborg skole;PS;Partiet Sentrum;0,39709;4728;1523;6
03;Oslo;0301;Oslo;0304;Lilleborg skole;BLANKE;Blanke;0,79418;4728;1523;12
03;Oslo;0301;Oslo;0304;Lilleborg skole;FI;Feministisk Initiativ;0,06618;4728;1523;1
03;Oslo;0301;Oslo;0304;Lilleborg skole;Andre;Andre;1,58835;4728;1523;24
03;Oslo;0301;Oslo;0304;Lilleborg skole;Andre2;Andre2;0,0;4728;1523;0
03;Oslo;0301;Oslo;0305;Sagene festivitetshus;A;Arbeiderpartiet;22,78134;6457;1095;249
03;Oslo;0301;Oslo;0305;Sagene festivitetshus;SV;SV - Sosialistisk Venstreparti;18,29826;6457;1095;200
03;Oslo;0301;Oslo;0305;Sagene festivitetshus;RØDT;Rødt;11,25343;6457;1095;123
03;Oslo;0301;Oslo;0305;Sagene festivitetshus;SP;Senterpartiet;2,47027;6457;1095;27
03;Oslo;0301;Oslo;0305;Sagene festivitetshus;KRF;Kristelig Folkeparti;1,37237;6457;1095;15
03;Oslo;0301;Oslo;0305;Sagene festivitetshus;MDG;Miljøpartiet De Grønne;9,5151;6457;1095;104
03;Oslo;0301;Oslo;0305;Sagene festivitetshus;V;Venstre;13,44922;6457;1095;147
03;Oslo;0301;Oslo;0305;Sagene festivitetshus;H;Høyre;15,73651;6457;1095;172
03;Oslo;0301;Oslo;0305;Sagene festivitetshus;FRP;Fremskrittspartiet;3,47667;6457;1095;38
03;Oslo;0301;Oslo;0305;Sagene festivitetshus;AAN;Alliansen - Alternativ for Norge;0,18298;6457;1095;2
03;Oslo;0301;Oslo;0305;Sagene festivitetshus;DEMN;Demokratene;0,45746;6457;1095;5
03;Oslo;0301;Oslo;0305;Sagene festivitetshus;FNB;Folkeaksjonen Nei til mer bompenger;0,18298;6457;1095;2
03;Oslo;0301;Oslo;0305;Sagene festivitetshus;HELSE;Helsepartiet;0,18298;6457;1095;2
03;Oslo;0301;Oslo;0305;Sagene festivitetshus;INP;Industri- og Næringspartiet;0,18298;6457;1095;2
03;Oslo;0301;Oslo;0305;Sagene festivitetshus;KRISTNE;Partiet De Kristne;0,0;6457;1095;0
03;Oslo;0301;Oslo;0305;Sagene festivitetshus;KYST;Kystpartiet;0,0;6457;1095;0
03;Oslo;0301;Oslo;0305;Sagene festivitetshus;LIBS;Liberalistene;0,18298;6457;1095;2
03;Oslo;0301;Oslo;0305;Sagene festivitetshus;NKP;Norges Kommunistiske Parti;0,0;6457;1095;0
03;Oslo;0301;Oslo;0305;Sagene festivitetshus;PIR;Piratpartiet;0,0;6457;1095;0
03;Oslo;0301;Oslo;0305;Sagene festivitetshus;PP;Pensjonistpartiet;0,09149;6457;1095;1
03;Oslo;0301;Oslo;0305;Sagene festivitetshus;PS;Partiet Sentrum;0,18298;6457;1095;2
03;Oslo;0301;Oslo;0305;Sagene festivitetshus;BLANKE;Blanke;0,18298;6457;1095;2
03;Oslo;0301;Oslo;0305;Sagene festivitetshus;FI;Feministisk Initiativ;0,0;6457;1095;0
03;Oslo;0301;Oslo;0305;Sagene festivitetshus;Andre;Andre;1,64684;6457;1095;18
03;Oslo;0301;Oslo;0305;Sagene festivitetshus;Andre2;Andre2;0,0;6457;1095;0
03;Oslo;0301;Oslo;0306;Fernanda Nissen skole;A;Arbeiderpartiet;26,7472;9089;2332;620
03;Oslo;0301;Oslo;0306;Fernanda Nissen skole;SV;SV - Sosialistisk Venstreparti;12,16566;9089;2332;282
03;Oslo;0301;Oslo;0306;Fernanda Nissen skole;RØDT;Rødt;5,56514;9089;2332;129
03;Oslo;0301;Oslo;0306;Fernanda Nissen skole;SP;Senterpartiet;2,15703;9089;2332;50
03;Oslo;0301;Oslo;0306;Fernanda Nissen skole;KRF;Kristelig Folkeparti;1,89819;9089;2332;44
03;Oslo;0301;Oslo;0306;Fernanda Nissen skole;MDG;Miljøpartiet De Grønne;6,34167;9089;2332;147
03;Oslo;0301;Oslo;0306;Fernanda Nissen skole;V;Venstre;14,32269;9089;2332;332
03;Oslo;0301;Oslo;0306;Fernanda Nissen skole;H;Høyre;23,64107;9089;2332;548
03;Oslo;0301;Oslo;0306;Fernanda Nissen skole;FRP;Fremskrittspartiet;5,00431;9089;2332;116
03;Oslo;0301;Oslo;0306;Fernanda Nissen skole;AAN;Alliansen - Alternativ for Norge;0,2157;9089;2332;5
03;Oslo;0301;Oslo;0306;Fernanda Nissen skole;DEMN;Demokratene;0,56083;9089;2332;13
03;Oslo;0301;Oslo;0306;Fernanda Nissen skole;FNB;Folkeaksjonen Nei til mer bompenger;0,2157;9089;2332;5
03;Oslo;0301;Oslo;0306;Fernanda Nissen skole;HELSE;Helsepartiet;0,04314;9089;2332;1
03;Oslo;0301;Oslo;0306;Fernanda Nissen skole;INP;Industri- og Næringspartiet;0,08628;9089;2332;2
03;Oslo;0301;Oslo;0306;Fernanda Nissen skole;KRISTNE;Partiet De Kristne;0,04314;9089;2332;1
03;Oslo;0301;Oslo;0306;Fernanda Nissen skole;KYST;Kystpartiet;0,04314;9089;2332;1
03;Oslo;0301;Oslo;0306;Fernanda Nissen skole;LIBS;Liberalistene;0,2157;9089;2332;5
03;Oslo;0301;Oslo;0306;Fernanda Nissen skole;NKP;Norges Kommunistiske Parti;0,0;9089;2332;0
03;Oslo;0301;Oslo;0306;Fernanda Nissen skole;PIR;Piratpartiet;0,12942;9089;2332;3
03;Oslo;0301;Oslo;0306;Fernanda Nissen skole;PP;Pensjonistpartiet;0,2157;9089;2332;5
03;Oslo;0301;Oslo;0306;Fernanda Nissen skole;PS;Partiet Sentrum;0,30198;9089;2332;7
03;Oslo;0301;Oslo;0306;Fernanda Nissen skole;BLANKE;Blanke;0,60397;9089;2332;14
03;Oslo;0301;Oslo;0306;Fernanda Nissen skole;FI;Feministisk Initiativ;0,08628;9089;2332;2
03;Oslo;0301;Oslo;0306;Fernanda Nissen skole;Andre;Andre;2,15703;9089;2332;50
03;Oslo;0301;Oslo;0306;Fernanda Nissen skole;Andre2;Andre2;0,0;9089;2332;0
03;Oslo;0301;Oslo;0401;Fagerborg skole;A;Arbeiderpartiet;21,92643;6711;2074;453
03;Oslo;0301;Oslo;0401;Fagerborg skole;SV;SV - Sosialistisk Venstreparti;13,06873;6711;2074;270
03;Oslo;0301;Oslo;0401;Fagerborg skole;RØDT;Rødt;6,92159;6711;2074;143
03;Oslo;0301;Oslo;0401;Fagerborg skole;SP;Senterpartiet;3,00097;6711;2074;62
03;Oslo;0301;Oslo;0401;Fagerborg skole;KRF;Kristelig Folkeparti;3,04937;6711;2074;63
03;Oslo;0301;Oslo;0401;Fagerborg skole;MDG;Miljøpartiet De Grønne;9,19652;6711;2074;190
03;Oslo;0301;Oslo;0401;Fagerborg skole;V;Venstre;15,58567;6711;2074;322
03;Oslo;0301;Oslo;0401;Fagerborg skole;H;Høyre;21,00678;6711;2074;434
03;Oslo;0301;Oslo;0401;Fagerborg skole;FRP;Fremskrittspartiet;4,25944;6711;2074;88
03;Oslo;0301;Oslo;0401;Fagerborg skole;AAN;Alliansen - Alternativ for Norge;0,19361;6711;2074;4
03;Oslo;0301;Oslo;0401;Fagerborg skole;DEMN;Demokratene;0,48403;6711;2074;10
03;Oslo;0301;Oslo;0401;Fagerborg skole;FNB;Folkeaksjonen Nei til mer bompenger;0,09681;6711;2074;2
03;Oslo;0301;Oslo;0401;Fagerborg skole;HELSE;Helsepartiet;0,24201;6711;2074;5
03;Oslo;0301;Oslo;0401;Fagerborg skole;INP;Industri- og Næringspartiet;0,0484;6711;2074;1
03;Oslo;0301;Oslo;0401;Fagerborg skole;KRISTNE;Partiet De Kristne;0,19361;6711;2074;4
03;Oslo;0301;Oslo;0401;Fagerborg skole;KYST;Kystpartiet;0,0;6711;2074;0
03;Oslo;0301;Oslo;0401;Fagerborg skole;LIBS;Liberalistene;0,14521;6711;2074;3
03;Oslo;0301;Oslo;0401;Fagerborg skole;NKP;Norges Kommunistiske Parti;0,0;6711;2074;0
03;Oslo;0301;Oslo;0401;Fagerborg skole;PIR;Piratpartiet;0,0484;6711;2074;1
03;Oslo;0301;Oslo;0401;Fagerborg skole;PP;Pensjonistpartiet;0,29042;6711;2074;6
03;Oslo;0301;Oslo;0401;Fagerborg skole;PS;Partiet Sentrum;0,24201;6711;2074;5
03;Oslo;0301;Oslo;0401;Fagerborg skole;BLANKE;Blanke;0,38722;6711;2074;8
03;Oslo;0301;Oslo;0401;Fagerborg skole;FI;Feministisk Initiativ;0,0;6711;2074;0
03;Oslo;0301;Oslo;0401;Fagerborg skole;Andre;Andre;1,98451;6711;2074;41
03;Oslo;0301;Oslo;0401;Fagerborg skole;Andre2;Andre2;0,0;6711;2074;0
03;Oslo;0301;Oslo;0402;Bolteløkka skole;A;Arbeiderpartiet;23,02697;6315;2013;461
03;Oslo;0301;Oslo;0402;Bolteløkka skole;SV;SV - Sosialistisk Venstreparti;12,58741;6315;2013;252
03;Oslo;0301;Oslo;0402;Bolteløkka skole;RØDT;Rødt;8,39161;6315;2013;168
03;Oslo;0301;Oslo;0402;Bolteløkka skole;SP;Senterpartiet;1,84815;6315;2013;37
03;Oslo;0301;Oslo;0402;Bolteløkka skole;KRF;Kristelig Folkeparti;2,1978;6315;2013;44
03;Oslo;0301;Oslo;0402;Bolteløkka skole;MDG;Miljøpartiet De Grønne;10,63936;6315;2013;213
03;Oslo;0301;Oslo;0402;Bolteløkka skole;V;Venstre;16,28372;6315;2013;326
03;Oslo;0301;Oslo;0402;Bolteløkka skole;H;Høyre;19,83017;6315;2013;397
03;Oslo;0301;Oslo;0402;Bolteløkka skole;FRP;Fremskrittspartiet;3,54645;6315;2013;71
03;Oslo;0301;Oslo;0402;Bolteløkka skole;AAN;Alliansen - Alternativ for Norge;0,0;6315;2013;0
03;Oslo;0301;Oslo;0402;Bolteløkka skole;DEMN;Demokratene;0,34965;6315;2013;7
03;Oslo;0301;Oslo;0402;Bolteløkka skole;FNB;Folkeaksjonen Nei til mer bompenger;0,0;6315;2013;0
03;Oslo;0301;Oslo;0402;Bolteløkka skole;HELSE;Helsepartiet;0,14985;6315;2013;3
03;Oslo;0301;Oslo;0402;Bolteløkka skole;INP;Industri- og Næringspartiet;0,14985;6315;2013;3
03;Oslo;0301;Oslo;0402;Bolteløkka skole;KRISTNE;Partiet De Kristne;0,0999;6315;2013;2
03;Oslo;0301;Oslo;0402;Bolteløkka skole;KYST;Kystpartiet;0,0;6315;2013;0
03;Oslo;0301;Oslo;0402;Bolteløkka skole;LIBS;Liberalistene;0,24975;6315;2013;5
03;Oslo;0301;Oslo;0402;Bolteløkka skole;NKP;Norges Kommunistiske Parti;0,0;6315;2013;0
03;Oslo;0301;Oslo;0402;Bolteløkka skole;PIR;Piratpartiet;0,0999;6315;2013;2
03;Oslo;0301;Oslo;0402;Bolteløkka skole;PP;Pensjonistpartiet;0,0999;6315;2013;2
03;Oslo;0301;Oslo;0402;Bolteløkka skole;PS;Partiet Sentrum;0,34965;6315;2013;7
03;Oslo;0301;Oslo;0402;Bolteløkka skole;BLANKE;Blanke;0,54945;6315;2013;11
03;Oslo;0301;Oslo;0402;Bolteløkka skole;FI;Feministisk Initiativ;0,0999;6315;2013;2
03;Oslo;0301;Oslo;0402;Bolteløkka skole;Andre;Andre;1,64835;6315;2013;33
03;Oslo;0301;Oslo;0402;Bolteløkka skole;Andre2;Andre2;0,0;6315;2013;0
03;Oslo;0301;Oslo;0403;Ila skole;A;Arbeiderpartiet;21,24842;5555;1598;337
03;Oslo;0301;Oslo;0403;Ila skole;SV;SV - Sosialistisk Venstreparti;16,45649;5555;1598;261
03;Oslo;0301;Oslo;0403;Ila skole;RØDT;Rødt;9,83607;5555;1598;156
03;Oslo;0301;Oslo;0403;Ila skole;SP;Senterpartiet;1,63934;5555;1598;26
03;Oslo;0301;Oslo;0403;Ila skole;KRF;Kristelig Folkeparti;1,51324;5555;1598;24
03;Oslo;0301;Oslo;0403;Ila skole;MDG;Miljøpartiet De Grønne;12,16898;5555;1598;193
03;Oslo;0301;Oslo;0403;Ila skole;V;Venstre;14,7541;5555;1598;234
03;Oslo;0301;Oslo;0403;Ila skole;H;Høyre;17,96974;5555;1598;285
03;Oslo;0301;Oslo;0403;Ila skole;FRP;Fremskrittspartiet;2,83733;5555;1598;45
03;Oslo;0301;Oslo;0403;Ila skole;AAN;Alliansen - Alternativ for Norge;0,0;5555;1598;0
03;Oslo;0301;Oslo;0403;Ila skole;DEMN;Demokratene;0,18916;5555;1598;3
03;Oslo;0301;Oslo;0403;Ila skole;FNB;Folkeaksjonen Nei til mer bompenger;0,37831;5555;1598;6
03;Oslo;0301;Oslo;0403;Ila skole;HELSE;Helsepartiet;0,0;5555;1598;0
03;Oslo;0301;Oslo;0403;Ila skole;INP;Industri- og Næringspartiet;0,0;5555;1598;0
03;Oslo;0301;Oslo;0403;Ila skole;KRISTNE;Partiet De Kristne;0,31526;5555;1598;5
03;Oslo;0301;Oslo;0403;Ila skole;KYST;Kystpartiet;0,06305;5555;1598;1
03;Oslo;0301;Oslo;0403;Ila skole;LIBS;Liberalistene;0,18916;5555;1598;3
03;Oslo;0301;Oslo;0403;Ila skole;NKP;Norges Kommunistiske Parti;0,0;5555;1598;0
03;Oslo;0301;Oslo;0403;Ila skole;PIR;Piratpartiet;0,1261;5555;1598;2
03;Oslo;0301;Oslo;0403;Ila skole;PP;Pensjonistpartiet;0,06305;5555;1598;1
03;Oslo;0301;Oslo;0403;Ila skole;PS;Partiet Sentrum;0,18916;5555;1598;3
03;Oslo;0301;Oslo;0403;Ila skole;BLANKE;Blanke;0,75662;5555;1598;12
03;Oslo;0301;Oslo;0403;Ila skole;FI;Feministisk Initiativ;0,06305;5555;1598;1
03;Oslo;0301;Oslo;0403;Ila skole;Andre;Andre;1,57629;5555;1598;25
03;Oslo;0301;Oslo;0403;Ila skole;Andre2;Andre2;0,0;5555;1598;0
03;Oslo;0301;Oslo;0404;Oslo katedralskole;A;Arbeiderpartiet;20,24404;7026;1811;365
03;Oslo;0301;Oslo;0404;Oslo katedralskole;SV;SV - Sosialistisk Venstreparti;13,81032;7026;1811;249
03;Oslo;0301;Oslo;0404;Oslo katedralskole;RØDT;Rødt;8,76317;7026;1811;158
03;Oslo;0301;Oslo;0404;Oslo katedralskole;SP;Senterpartiet;1,27565;7026;1811;23
03;Oslo;0301;Oslo;0404;Oslo katedralskole;KRF;Kristelig Folkeparti;1,55297;7026;1811;28
03;Oslo;0301;Oslo;0404;Oslo katedralskole;MDG;Miljøpartiet De Grønne;10,59346;7026;1811;191
03;Oslo;0301;Oslo;0404;Oslo katedralskole;V;Venstre;16,52801;7026;1811;298
03;Oslo;0301;Oslo;0404;Oslo katedralskole;H;Høyre;21,74154;7026;1811;392
03;Oslo;0301;Oslo;0404;Oslo katedralskole;FRP;Fremskrittspartiet;3,88242;7026;1811;70
03;Oslo;0301;Oslo;0404;Oslo katedralskole;AAN;Alliansen - Alternativ for Norge;0,0;7026;1811;0
03;Oslo;0301;Oslo;0404;Oslo katedralskole;DEMN;Demokratene;0,49917;7026;1811;9
03;Oslo;0301;Oslo;0404;Oslo katedralskole;FNB;Folkeaksjonen Nei til mer bompenger;0,22185;7026;1811;4
03;Oslo;0301;Oslo;0404;Oslo katedralskole;HELSE;Helsepartiet;0,05546;7026;1811;1
03;Oslo;0301;Oslo;0404;Oslo katedralskole;INP;Industri- og Næringspartiet;0,0;7026;1811;0
03;Oslo;0301;Oslo;0404;Oslo katedralskole;KRISTNE;Partiet De Kristne;0,11093;7026;1811;2
03;Oslo;0301;Oslo;0404;Oslo katedralskole;KYST;Kystpartiet;0,0;7026;1811;0
03;Oslo;0301;Oslo;0404;Oslo katedralskole;LIBS;Liberalistene;0,33278;7026;1811;6
03;Oslo;0301;Oslo;0404;Oslo katedralskole;NKP;Norges Kommunistiske Parti;0,0;7026;1811;0
03;Oslo;0301;Oslo;0404;Oslo katedralskole;PIR;Piratpartiet;0,05546;7026;1811;1
03;Oslo;0301;Oslo;0404;Oslo katedralskole;PP;Pensjonistpartiet;0,11093;7026;1811;2
03;Oslo;0301;Oslo;0404;Oslo katedralskole;PS;Partiet Sentrum;0,16639;7026;1811;3
03;Oslo;0301;Oslo;0404;Oslo katedralskole;BLANKE;Blanke;0,4437;7026;1811;8
03;Oslo;0301;Oslo;0404;Oslo katedralskole;FI;Feministisk Initiativ;0,05546;7026;1811;1
03;Oslo;0301;Oslo;0404;Oslo katedralskole;Andre;Andre;1,60843;7026;1811;29
03;Oslo;0301;Oslo;0404;Oslo katedralskole;Andre2;Andre2;0,0;7026;1811;0
03;Oslo;0301;Oslo;0405;Møllergata skole;A;Arbeiderpartiet;18,36547;3057;1095;200
03;Oslo;0301;Oslo;0405;Møllergata skole;SV;SV - Sosialistisk Venstreparti;15,24334;3057;1095;166
03;Oslo;0301;Oslo;0405;Møllergata skole;RØDT;Rødt;13,13131;3057;1095;143
03;Oslo;0301;Oslo;0405;Møllergata skole;SP;Senterpartiet;1,65289;3057;1095;18
03;Oslo;0301;Oslo;0405;Møllergata skole;KRF;Kristelig Folkeparti;1,74472;3057;1095;19
03;Oslo;0301;Oslo;0405;Møllergata skole;MDG;Miljøpartiet De Grønne;11,01928;3057;1095;120
03;Oslo;0301;Oslo;0405;Møllergata skole;V;Venstre;14,78421;3057;1095;161
03;Oslo;0301;Oslo;0405;Møllergata skole;H;Høyre;18,08999;3057;1095;197
03;Oslo;0301;Oslo;0405;Møllergata skole;FRP;Fremskrittspartiet;3,76492;3057;1095;41
03;Oslo;0301;Oslo;0405;Møllergata skole;AAN;Alliansen - Alternativ for Norge;0,09183;3057;1095;1
03;Oslo;0301;Oslo;0405;Møllergata skole;DEMN;Demokratene;0,91827;3057;1095;10
03;Oslo;0301;Oslo;0405;Møllergata skole;FNB;Folkeaksjonen Nei til mer bompenger;0,09183;3057;1095;1
03;Oslo;0301;Oslo;0405;Møllergata skole;HELSE;Helsepartiet;0,18365;3057;1095;2
03;Oslo;0301;Oslo;0405;Møllergata skole;INP;Industri- og Næringspartiet;0,0;3057;1095;0
03;Oslo;0301;Oslo;0405;Møllergata skole;KRISTNE;Partiet De Kristne;0,0;3057;1095;0
03;Oslo;0301;Oslo;0405;Møllergata skole;KYST;Kystpartiet;0,0;3057;1095;0
03;Oslo;0301;Oslo;0405;Møllergata skole;LIBS;Liberalistene;0,18365;3057;1095;2
03;Oslo;0301;Oslo;0405;Møllergata skole;NKP;Norges Kommunistiske Parti;0,0;3057;1095;0
03;Oslo;0301;Oslo;0405;Møllergata skole;PIR;Piratpartiet;0,18365;3057;1095;2
03;Oslo;0301;Oslo;0405;Møllergata skole;PP;Pensjonistpartiet;0,27548;3057;1095;3
03;Oslo;0301;Oslo;0405;Møllergata skole;PS;Partiet Sentrum;0,18365;3057;1095;2
03;Oslo;0301;Oslo;0405;Møllergata skole;BLANKE;Blanke;0,55096;3057;1095;6
03;Oslo;0301;Oslo;0405;Møllergata skole;FI;Feministisk Initiativ;0,09183;3057;1095;1
03;Oslo;0301;Oslo;0405;Møllergata skole;Andre;Andre;2,20386;3057;1095;24
03;Oslo;0301;Oslo;0405;Møllergata skole;Andre2;Andre2;0,0;3057;1095;0
03;Oslo;0301;Oslo;1601;Oslo rådhus;A;Arbeiderpartiet;18,40659;900;1832;335
03;Oslo;0301;Oslo;1601;Oslo rådhus;SV;SV - Sosialistisk Venstreparti;14,28571;900;1832;260
03;Oslo;0301;Oslo;1601;Oslo rådhus;RØDT;Rødt;8,51648;900;1832;155
03;Oslo;0301;Oslo;1601;Oslo rådhus;SP;Senterpartiet;2,47253;900;1832;45
03;Oslo;0301;Oslo;1601;Oslo rådhus;KRF;Kristelig Folkeparti;1,04396;900;1832;19
03;Oslo;0301;Oslo;1601;Oslo rådhus;MDG;Miljøpartiet De Grønne;8,9011;900;1832;162
03;Oslo;0301;Oslo;1601;Oslo rådhus;V;Venstre;14,72527;900;1832;268
03;Oslo;0301;Oslo;1601;Oslo rådhus;H;Høyre;24,01099;900;1832;437
03;Oslo;0301;Oslo;1601;Oslo rådhus;FRP;Fremskrittspartiet;5,16484;900;1832;94
03;Oslo;0301;Oslo;1601;Oslo rådhus;AAN;Alliansen - Alternativ for Norge;0,05495;900;1832;1
03;Oslo;0301;Oslo;1601;Oslo rådhus;DEMN;Demokratene;0,49451;900;1832;9
03;Oslo;0301;Oslo;1601;Oslo rådhus;FNB;Folkeaksjonen Nei til mer bompenger;0,16484;900;1832;3
03;Oslo;0301;Oslo;1601;Oslo rådhus;HELSE;Helsepartiet;0,05495;900;1832;1
03;Oslo;0301;Oslo;1601;Oslo rådhus;INP;Industri- og Næringspartiet;0,05495;900;1832;1
03;Oslo;0301;Oslo;1601;Oslo rådhus;KRISTNE;Partiet De Kristne;0,21978;900;1832;4
03;Oslo;0301;Oslo;1601;Oslo rådhus;KYST;Kystpartiet;0,05495;900;1832;1
03;Oslo;0301;Oslo;1601;Oslo rådhus;LIBS;Liberalistene;0,49451;900;1832;9
03;Oslo;0301;Oslo;1601;Oslo rådhus;NKP;Norges Kommunistiske Parti;0,0;900;1832;0
03;Oslo;0301;Oslo;1601;Oslo rådhus;PIR;Piratpartiet;0,27473;900;1832;5
03;Oslo;0301;Oslo;1601;Oslo rådhus;PP;Pensjonistpartiet;0,05495;900;1832;1
03;Oslo;0301;Oslo;1601;Oslo rådhus;PS;Partiet Sentrum;0,43956;900;1832;8
03;Oslo;0301;Oslo;1601;Oslo rådhus;BLANKE;Blanke;0,65934;900;1832;12
03;Oslo;0301;Oslo;1601;Oslo rådhus;FI;Feministisk Initiativ;0,10989;900;1832;2
03;Oslo;0301;Oslo;1601;Oslo rådhus;Andre;Andre;2,47253;900;1832;45
03;Oslo;0301;Oslo;1601;Oslo rådhus;Andre2;Andre2;0,0;900;1832;0
03;Oslo;0301;Oslo;0501;Norges musikkhøgskole;A;Arbeiderpartiet;22,0546;7005;1399;307
03;Oslo;0301;Oslo;0501;Norges musikkhøgskole;SV;SV - Sosialistisk Venstreparti;10,99138;7005;1399;153
03;Oslo;0301;Oslo;0501;Norges musikkhøgskole;RØDT;Rødt;7,32759;7005;1399;102
03;Oslo;0301;Oslo;0501;Norges musikkhøgskole;SP;Senterpartiet;3,3046;7005;1399;46
03;Oslo;0301;Oslo;0501;Norges musikkhøgskole;KRF;Kristelig Folkeparti;1,6523;7005;1399;23
03;Oslo;0301;Oslo;0501;Norges musikkhøgskole;MDG;Miljøpartiet De Grønne;7,32759;7005;1399;102
03;Oslo;0301;Oslo;0501;Norges musikkhøgskole;V;Venstre;13,07471;7005;1399;182
03;Oslo;0301;Oslo;0501;Norges musikkhøgskole;H;Høyre;27,01149;7005;1399;376
03;Oslo;0301;Oslo;0501;Norges musikkhøgskole;FRP;Fremskrittspartiet;4,74138;7005;1399;66
03;Oslo;0301;Oslo;0501;Norges musikkhøgskole;AAN;Alliansen - Alternativ for Norge;0,07184;7005;1399;1
03;Oslo;0301;Oslo;0501;Norges musikkhøgskole;DEMN;Demokratene;0,86207;7005;1399;12
03;Oslo;0301;Oslo;0501;Norges musikkhøgskole;FNB;Folkeaksjonen Nei til mer bompenger;0,21552;7005;1399;3
03;Oslo;0301;Oslo;0501;Norges musikkhøgskole;HELSE;Helsepartiet;0,28736;7005;1399;4
03;Oslo;0301;Oslo;0501;Norges musikkhøgskole;INP;Industri- og Næringspartiet;0,07184;7005;1399;1
03;Oslo;0301;Oslo;0501;Norges musikkhøgskole;KRISTNE;Partiet De Kristne;0,07184;7005;1399;1
03;Oslo;0301;Oslo;0501;Norges musikkhøgskole;KYST;Kystpartiet;0,0;7005;1399;0
03;Oslo;0301;Oslo;0501;Norges musikkhøgskole;LIBS;Liberalistene;0,21552;7005;1399;3
03;Oslo;0301;Oslo;0501;Norges musikkhøgskole;NKP;Norges Kommunistiske Parti;0,0;7005;1399;0
03;Oslo;0301;Oslo;0501;Norges musikkhøgskole;PIR;Piratpartiet;0,0;7005;1399;0
03;Oslo;0301;Oslo;0501;Norges musikkhøgskole;PP;Pensjonistpartiet;0,50287;7005;1399;7
03;Oslo;0301;Oslo;0501;Norges musikkhøgskole;PS;Partiet Sentrum;0,21552;7005;1399;3
03;Oslo;0301;Oslo;0501;Norges musikkhøgskole;BLANKE;Blanke;0,50287;7005;1399;7
03;Oslo;0301;Oslo;0501;Norges musikkhøgskole;FI;Feministisk Initiativ;0,0;7005;1399;0
03;Oslo;0301;Oslo;0501;Norges musikkhøgskole;Andre;Andre;2,51437;7005;1399;35
03;Oslo;0301;Oslo;0501;Norges musikkhøgskole;Andre2;Andre2;0,0;7005;1399;0
03;Oslo;0301;Oslo;0502;Majorstuen skole;A;Arbeiderpartiet;19,60596;4316;2103;408
03;Oslo;0301;Oslo;0502;Majorstuen skole;SV;SV - Sosialistisk Venstreparti;9,70687;4316;2103;202
03;Oslo;0301;Oslo;0502;Majorstuen skole;RØDT;Rødt;6,00673;4316;2103;125
03;Oslo;0301;Oslo;0502;Majorstuen skole;SP;Senterpartiet;1,29745;4316;2103;27
03;Oslo;0301;Oslo;0502;Majorstuen skole;KRF;Kristelig Folkeparti;1,68188;4316;2103;35
03;Oslo;0301;Oslo;0502;Majorstuen skole;MDG;Miljøpartiet De Grønne;8,45747;4316;2103;176
03;Oslo;0301;Oslo;0502;Majorstuen skole;V;Venstre;15,04085;4316;2103;313
03;Oslo;0301;Oslo;0502;Majorstuen skole;H;Høyre;28,20759;4316;2103;587
03;Oslo;0301;Oslo;0502;Majorstuen skole;FRP;Fremskrittspartiet;7,4964;4316;2103;156
03;Oslo;0301;Oslo;0502;Majorstuen skole;AAN;Alliansen - Alternativ for Norge;0,04805;4316;2103;1
03;Oslo;0301;Oslo;0502;Majorstuen skole;DEMN;Demokratene;1,00913;4316;2103;21
03;Oslo;0301;Oslo;0502;Majorstuen skole;FNB;Folkeaksjonen Nei til mer bompenger;0,04805;4316;2103;1
03;Oslo;0301;Oslo;0502;Majorstuen skole;HELSE;Helsepartiet;0,33638;4316;2103;7
03;Oslo;0301;Oslo;0502;Majorstuen skole;INP;Industri- og Næringspartiet;0,09611;4316;2103;2
03;Oslo;0301;Oslo;0502;Majorstuen skole;KRISTNE;Partiet De Kristne;0,19222;4316;2103;4
03;Oslo;0301;Oslo;0502;Majorstuen skole;KYST;Kystpartiet;0,0;4316;2103;0
03;Oslo;0301;Oslo;0502;Majorstuen skole;LIBS;Liberalistene;0,28832;4316;2103;6
03;Oslo;0301;Oslo;0502;Majorstuen skole;NKP;Norges Kommunistiske Parti;0,04805;4316;2103;1
03;Oslo;0301;Oslo;0502;Majorstuen skole;PIR;Piratpartiet;0,09611;4316;2103;2
03;Oslo;0301;Oslo;0502;Majorstuen skole;PP;Pensjonistpartiet;0,04805;4316;2103;1
03;Oslo;0301;Oslo;0502;Majorstuen skole;PS;Partiet Sentrum;0,19222;4316;2103;4
03;Oslo;0301;Oslo;0502;Majorstuen skole;BLANKE;Blanke;1,05718;4316;2103;22
03;Oslo;0301;Oslo;0502;Majorstuen skole;FI;Feministisk Initiativ;0,09611;4316;2103;2
03;Oslo;0301;Oslo;0502;Majorstuen skole;Andre;Andre;2,4988;4316;2103;52
03;Oslo;0301;Oslo;0502;Majorstuen skole;Andre2;Andre2;0,0;4316;2103;0
03;Oslo;0301;Oslo;0503;Kristelig Gymnasium;A;Arbeiderpartiet;18,66871;5489;1319;244
03;Oslo;0301;Oslo;0503;Kristelig Gymnasium;SV;SV - Sosialistisk Venstreparti;10,94109;5489;1319;143
03;Oslo;0301;Oslo;0503;Kristelig Gymnasium;RØDT;Rødt;5,81484;5489;1319;76
03;Oslo;0301;Oslo;0503;Kristelig Gymnasium;SP;Senterpartiet;2,98393;5489;1319;39
03;Oslo;0301;Oslo;0503;Kristelig Gymnasium;KRF;Kristelig Folkeparti;2,90742;5489;1319;38
03;Oslo;0301;Oslo;0503;Kristelig Gymnasium;MDG;Miljøpartiet De Grønne;8,49273;5489;1319;111
03;Oslo;0301;Oslo;0503;Kristelig Gymnasium;V;Venstre;15,76129;5489;1319;206
03;Oslo;0301;Oslo;0503;Kristelig Gymnasium;H;Høyre;26,54935;5489;1319;347
03;Oslo;0301;Oslo;0503;Kristelig Gymnasium;FRP;Fremskrittspartiet;5,73833;5489;1319;75
03;Oslo;0301;Oslo;0503;Kristelig Gymnasium;AAN;Alliansen - Alternativ for Norge;0,0;5489;1319;0
03;Oslo;0301;Oslo;0503;Kristelig Gymnasium;DEMN;Demokratene;0,76511;5489;1319;10
03;Oslo;0301;Oslo;0503;Kristelig Gymnasium;FNB;Folkeaksjonen Nei til mer bompenger;0,0;5489;1319;0
03;Oslo;0301;Oslo;0503;Kristelig Gymnasium;HELSE;Helsepartiet;0,15302;5489;1319;2
03;Oslo;0301;Oslo;0503;Kristelig Gymnasium;INP;Industri- og Næringspartiet;0,0;5489;1319;0
03;Oslo;0301;Oslo;0503;Kristelig Gymnasium;KRISTNE;Partiet De Kristne;0,0;5489;1319;0
03;Oslo;0301;Oslo;0503;Kristelig Gymnasium;KYST;Kystpartiet;0,0;5489;1319;0
03;Oslo;0301;Oslo;0503;Kristelig Gymnasium;LIBS;Liberalistene;0,15302;5489;1319;2
03;Oslo;0301;Oslo;0503;Kristelig Gymnasium;NKP;Norges Kommunistiske Parti;0,07651;5489;1319;1
03;Oslo;0301;Oslo;0503;Kristelig Gymnasium;PIR;Piratpartiet;0,0;5489;1319;0
03;Oslo;0301;Oslo;0503;Kristelig Gymnasium;PP;Pensjonistpartiet;0,30604;5489;1319;4
03;Oslo;0301;Oslo;0503;Kristelig Gymnasium;PS;Partiet Sentrum;0,6886;5489;1319;9
03;Oslo;0301;Oslo;0503;Kristelig Gymnasium;BLANKE;Blanke;0,91813;5489;1319;12
03;Oslo;0301;Oslo;0503;Kristelig Gymnasium;FI;Feministisk Initiativ;0,0;5489;1319;0
03;Oslo;0301;Oslo;0503;Kristelig Gymnasium;Andre;Andre;2,14231;5489;1319;28
03;Oslo;0301;Oslo;0503;Kristelig Gymnasium;Andre2;Andre2;0,0;5489;1319;0
03;Oslo;0301;Oslo;0504;Uranienborg menighetshus;A;Arbeiderpartiet;16,98113;3152;1061;180
03;Oslo;0301;Oslo;0504;Uranienborg menighetshus;SV;SV - Sosialistisk Venstreparti;7,64151;3152;1061;81
03;Oslo;0301;Oslo;0504;Uranienborg menighetshus;RØDT;Rødt;5,28302;3152;1061;56
03;Oslo;0301;Oslo;0504;Uranienborg menighetshus;SP;Senterpartiet;2,64151;3152;1061;28
03;Oslo;0301;Oslo;0504;Uranienborg menighetshus;KRF;Kristelig Folkeparti;1,41509;3152;1061;15
03;Oslo;0301;Oslo;0504;Uranienborg menighetshus;MDG;Miljøpartiet De Grønne;7,83019;3152;1061;83
03;Oslo;0301;Oslo;0504;Uranienborg menighetshus;V;Venstre;17,35849;3152;1061;184
03;Oslo;0301;Oslo;0504;Uranienborg menighetshus;H;Høyre;32,26415;3152;1061;342
03;Oslo;0301;Oslo;0504;Uranienborg menighetshus;FRP;Fremskrittspartiet;6,32075;3152;1061;67
03;Oslo;0301;Oslo;0504;Uranienborg menighetshus;AAN;Alliansen - Alternativ for Norge;0,09434;3152;1061;1
03;Oslo;0301;Oslo;0504;Uranienborg menighetshus;DEMN;Demokratene;0,4717;3152;1061;5
03;Oslo;0301;Oslo;0504;Uranienborg menighetshus;FNB;Folkeaksjonen Nei til mer bompenger;0,0;3152;1061;0
03;Oslo;0301;Oslo;0504;Uranienborg menighetshus;HELSE;Helsepartiet;0,09434;3152;1061;1
03;Oslo;0301;Oslo;0504;Uranienborg menighetshus;INP;Industri- og Næringspartiet;0,0;3152;1061;0
03;Oslo;0301;Oslo;0504;Uranienborg menighetshus;KRISTNE;Partiet De Kristne;0,18868;3152;1061;2
03;Oslo;0301;Oslo;0504;Uranienborg menighetshus;KYST;Kystpartiet;0,0;3152;1061;0
03;Oslo;0301;Oslo;0504;Uranienborg menighetshus;LIBS;Liberalistene;0,4717;3152;1061;5
03;Oslo;0301;Oslo;0504;Uranienborg menighetshus;NKP;Norges Kommunistiske Parti;0,0;3152;1061;0
03;Oslo;0301;Oslo;0504;Uranienborg menighetshus;PIR;Piratpartiet;0,18868;3152;1061;2
03;Oslo;0301;Oslo;0504;Uranienborg menighetshus;PP;Pensjonistpartiet;0,09434;3152;1061;1
03;Oslo;0301;Oslo;0504;Uranienborg menighetshus;PS;Partiet Sentrum;0,66038;3152;1061;7
03;Oslo;0301;Oslo;0504;Uranienborg menighetshus;BLANKE;Blanke;0,09434;3152;1061;1
03;Oslo;0301;Oslo;0504;Uranienborg menighetshus;FI;Feministisk Initiativ;0,0;3152;1061;0
03;Oslo;0301;Oslo;0504;Uranienborg menighetshus;Andre;Andre;2,26415;3152;1061;24
03;Oslo;0301;Oslo;0504;Uranienborg menighetshus;Andre2;Andre2;0,0;3152;1061;0
03;Oslo;0301;Oslo;0505;Uranienborg skole;A;Arbeiderpartiet;16,0129;4013;1871;298
03;Oslo;0301;Oslo;0505;Uranienborg skole;SV;SV - Sosialistisk Venstreparti;6,93176;4013;1871;129
03;Oslo;0301;Oslo;0505;Uranienborg skole;RØDT;Rødt;5,80333;4013;1871;108
03;Oslo;0301;Oslo;0505;Uranienborg skole;SP;Senterpartiet;1,3971;4013;1871;26
03;Oslo;0301;Oslo;0505;Uranienborg skole;KRF;Kristelig Folkeparti;1,23589;4013;1871;23
03;Oslo;0301;Oslo;0505;Uranienborg skole;MDG;Miljøpartiet De Grønne;5,26599;4013;1871;98
03;Oslo;0301;Oslo;0505;Uranienborg skole;V;Venstre;17,78614;4013;1871;331
03;Oslo;0301;Oslo;0505;Uranienborg skole;H;Høyre;36,43203;4013;1871;678
03;Oslo;0301;Oslo;0505;Uranienborg skole;FRP;Fremskrittspartiet;7,36163;4013;1871;137
03;Oslo;0301;Oslo;0505;Uranienborg skole;AAN;Alliansen - Alternativ for Norge;0,0;4013;1871;0
03;Oslo;0301;Oslo;0505;Uranienborg skole;DEMN;Demokratene;0,32241;4013;1871;6
03;Oslo;0301;Oslo;0505;Uranienborg skole;FNB;Folkeaksjonen Nei til mer bompenger;0,1612;4013;1871;3
03;Oslo;0301;Oslo;0505;Uranienborg skole;HELSE;Helsepartiet;0,0;4013;1871;0
03;Oslo;0301;Oslo;0505;Uranienborg skole;INP;Industri- og Næringspartiet;0,05373;4013;1871;1
03;Oslo;0301;Oslo;0505;Uranienborg skole;KRISTNE;Partiet De Kristne;0,10747;4013;1871;2
03;Oslo;0301;Oslo;0505;Uranienborg skole;KYST;Kystpartiet;0,10747;4013;1871;2
03;Oslo;0301;Oslo;0505;Uranienborg skole;LIBS;Liberalistene;0,53735;4013;1871;10
03;Oslo;0301;Oslo;0505;Uranienborg skole;NKP;Norges Kommunistiske Parti;0,05373;4013;1871;1
03;Oslo;0301;Oslo;0505;Uranienborg skole;PIR;Piratpartiet;0,10747;4013;1871;2
03;Oslo;0301;Oslo;0505;Uranienborg skole;PP;Pensjonistpartiet;0,05373;4013;1871;1
03;Oslo;0301;Oslo;0505;Uranienborg skole;PS;Partiet Sentrum;0,26867;4013;1871;5
03;Oslo;0301;Oslo;0505;Uranienborg skole;BLANKE;Blanke;0,53735;4013;1871;10
03;Oslo;0301;Oslo;0505;Uranienborg skole;FI;Feministisk Initiativ;0,0;4013;1871;0
03;Oslo;0301;Oslo;0505;Uranienborg skole;Andre;Andre;1,77324;4013;1871;33
03;Oslo;0301;Oslo;0505;Uranienborg skole;Andre2;Andre2;0,0;4013;1871;0
03;Oslo;0301;Oslo;0506;Bymuseet;A;Arbeiderpartiet;15,33333;5304;1655;253
03;Oslo;0301;Oslo;0506;Bymuseet;SV;SV - Sosialistisk Venstreparti;6,54545;5304;1655;108
03;Oslo;0301;Oslo;0506;Bymuseet;RØDT;Rødt;4,84848;5304;1655;80
03;Oslo;0301;Oslo;0506;Bymuseet;SP;Senterpartiet;2,42424;5304;1655;40
03;Oslo;0301;Oslo;0506;Bymuseet;KRF;Kristelig Folkeparti;1,39394;5304;1655;23
03;Oslo;0301;Oslo;0506;Bymuseet;MDG;Miljøpartiet De Grønne;6,48485;5304;1655;107
03;Oslo;0301;Oslo;0506;Bymuseet;V;Venstre;14,42424;5304;1655;238
03;Oslo;0301;Oslo;0506;Bymuseet;H;Høyre;39,81818;5304;1655;657
03;Oslo;0301;Oslo;0506;Bymuseet;FRP;Fremskrittspartiet;6,9697;5304;1655;115
03;Oslo;0301;Oslo;0506;Bymuseet;AAN;Alliansen - Alternativ for Norge;0,12121;5304;1655;2
03;Oslo;0301;Oslo;0506;Bymuseet;DEMN;Demokratene;0,60606;5304;1655;10
03;Oslo;0301;Oslo;0506;Bymuseet;FNB;Folkeaksjonen Nei til mer bompenger;0,06061;5304;1655;1
03;Oslo;0301;Oslo;0506;Bymuseet;HELSE;Helsepartiet;0,12121;5304;1655;2
03;Oslo;0301;Oslo;0506;Bymuseet;INP;Industri- og Næringspartiet;0,06061;5304;1655;1
03;Oslo;0301;Oslo;0506;Bymuseet;KRISTNE;Partiet De Kristne;0,06061;5304;1655;1
03;Oslo;0301;Oslo;0506;Bymuseet;KYST;Kystpartiet;0,0;5304;1655;0
03;Oslo;0301;Oslo;0506;Bymuseet;LIBS;Liberalistene;0,54545;5304;1655;9
03;Oslo;0301;Oslo;0506;Bymuseet;NKP;Norges Kommunistiske Parti;0,0;5304;1655;0
03;Oslo;0301;Oslo;0506;Bymuseet;PIR;Piratpartiet;0,06061;5304;1655;1
03;Oslo;0301;Oslo;0506;Bymuseet;PP;Pensjonistpartiet;0,12121;5304;1655;2
03;Oslo;0301;Oslo;0506;Bymuseet;PS;Partiet Sentrum;0,0;5304;1655;0
03;Oslo;0301;Oslo;0506;Bymuseet;BLANKE;Blanke;0,30303;5304;1655;5
03;Oslo;0301;Oslo;0506;Bymuseet;FI;Feministisk Initiativ;0,0;5304;1655;0
03;Oslo;0301;Oslo;0506;Bymuseet;Andre;Andre;1,75758;5304;1655;29
03;Oslo;0301;Oslo;0506;Bymuseet;Andre2;Andre2;0,0;5304;1655;0
03;Oslo;0301;Oslo;0507;Oslo handelsgymnasium;A;Arbeiderpartiet;15,93232;11513;2855;452
03;Oslo;0301;Oslo;0507;Oslo handelsgymnasium;SV;SV - Sosialistisk Venstreparti;7,29644;11513;2855;207
03;Oslo;0301;Oslo;0507;Oslo handelsgymnasium;RØDT;Rødt;3,70109;11513;2855;105
03;Oslo;0301;Oslo;0507;Oslo handelsgymnasium;SP;Senterpartiet;1,26895;11513;2855;36
03;Oslo;0301;Oslo;0507;Oslo handelsgymnasium;KRF;Kristelig Folkeparti;1,1632;11513;2855;33
03;Oslo;0301;Oslo;0507;Oslo handelsgymnasium;MDG;Miljøpartiet De Grønne;5,85125;11513;2855;166
03;Oslo;0301;Oslo;0507;Oslo handelsgymnasium;V;Venstre;15,57984;11513;2855;442
03;Oslo;0301;Oslo;0507;Oslo handelsgymnasium;H;Høyre;38,8791;11513;2855;1103
03;Oslo;0301;Oslo;0507;Oslo handelsgymnasium;FRP;Fremskrittspartiet;8,2834;11513;2855;235
03;Oslo;0301;Oslo;0507;Oslo handelsgymnasium;AAN;Alliansen - Alternativ for Norge;0,0;11513;2855;0
03;Oslo;0301;Oslo;0507;Oslo handelsgymnasium;DEMN;Demokratene;0,66972;11513;2855;19
03;Oslo;0301;Oslo;0507;Oslo handelsgymnasium;FNB;Folkeaksjonen Nei til mer bompenger;0,17624;11513;2855;5
03;Oslo;0301;Oslo;0507;Oslo handelsgymnasium;HELSE;Helsepartiet;0,21149;11513;2855;6
03;Oslo;0301;Oslo;0507;Oslo handelsgymnasium;INP;Industri- og Næringspartiet;0,03525;11513;2855;1
03;Oslo;0301;Oslo;0507;Oslo handelsgymnasium;KRISTNE;Partiet De Kristne;0,0705;11513;2855;2
03;Oslo;0301;Oslo;0507;Oslo handelsgymnasium;KYST;Kystpartiet;0,0;11513;2855;0
03;Oslo;0301;Oslo;0507;Oslo handelsgymnasium;LIBS;Liberalistene;0,31724;11513;2855;9
03;Oslo;0301;Oslo;0507;Oslo handelsgymnasium;NKP;Norges Kommunistiske Parti;0,0;11513;2855;0
03;Oslo;0301;Oslo;0507;Oslo handelsgymnasium;PIR;Piratpartiet;0,10575;11513;2855;3
03;Oslo;0301;Oslo;0507;Oslo handelsgymnasium;PP;Pensjonistpartiet;0,24674;11513;2855;7
03;Oslo;0301;Oslo;0507;Oslo handelsgymnasium;PS;Partiet Sentrum;0,21149;11513;2855;6
03;Oslo;0301;Oslo;0507;Oslo handelsgymnasium;BLANKE;Blanke;0,63447;11513;2855;18
03;Oslo;0301;Oslo;0507;Oslo handelsgymnasium;FI;Feministisk Initiativ;0,0;11513;2855;0
03;Oslo;0301;Oslo;0507;Oslo handelsgymnasium;Andre;Andre;2,04441;11513;2855;58
03;Oslo;0301;Oslo;0507;Oslo handelsgymnasium;Andre2;Andre2;0,0;11513;2855;0
03;Oslo;0301;Oslo;0508;Bygdøy skole;A;Arbeiderpartiet;11,61432;2535;1371;159
03;Oslo;0301;Oslo;0508;Bygdøy skole;SV;SV - Sosialistisk Venstreparti;3,21402;2535;1371;44
03;Oslo;0301;Oslo;0508;Bygdøy skole;RØDT;Rødt;1,09569;2535;1371;15
03;Oslo;0301;Oslo;0508;Bygdøy skole;SP;Senterpartiet;1,82615;2535;1371;25
03;Oslo;0301;Oslo;0508;Bygdøy skole;KRF;Kristelig Folkeparti;1,46092;2535;1371;20
03;Oslo;0301;Oslo;0508;Bygdøy skole;MDG;Miljøpartiet De Grønne;4,38276;2535;1371;60
03;Oslo;0301;Oslo;0508;Bygdøy skole;V;Venstre;14,6092;2535;1371;200
03;Oslo;0301;Oslo;0508;Bygdøy skole;H;Høyre;50,25566;2535;1371;688
03;Oslo;0301;Oslo;0508;Bygdøy skole;FRP;Fremskrittspartiet;9,78817;2535;1371;134
03;Oslo;0301;Oslo;0508;Bygdøy skole;AAN;Alliansen - Alternativ for Norge;0,07305;2535;1371;1
03;Oslo;0301;Oslo;0508;Bygdøy skole;DEMN;Demokratene;0,65741;2535;1371;9
03;Oslo;0301;Oslo;0508;Bygdøy skole;FNB;Folkeaksjonen Nei til mer bompenger;0,14609;2535;1371;2
03;Oslo;0301;Oslo;0508;Bygdøy skole;HELSE;Helsepartiet;0,0;2535;1371;0
03;Oslo;0301;Oslo;0508;Bygdøy skole;INP;Industri- og Næringspartiet;0,07305;2535;1371;1
03;Oslo;0301;Oslo;0508;Bygdøy skole;KRISTNE;Partiet De Kristne;0,21914;2535;1371;3
03;Oslo;0301;Oslo;0508;Bygdøy skole;KYST;Kystpartiet;0,0;2535;1371;0
03;Oslo;0301;Oslo;0508;Bygdøy skole;LIBS;Liberalistene;0,36523;2535;1371;5
03;Oslo;0301;Oslo;0508;Bygdøy skole;NKP;Norges Kommunistiske Parti;0,07305;2535;1371;1
03;Oslo;0301;Oslo;0508;Bygdøy skole;PIR;Piratpartiet;0,14609;2535;1371;2
03;Oslo;0301;Oslo;0508;Bygdøy skole;PP;Pensjonistpartiet;0,0;2535;1371;0
03;Oslo;0301;Oslo;0508;Bygdøy skole;PS;Partiet Sentrum;0,0;2535;1371;0
03;Oslo;0301;Oslo;0508;Bygdøy skole;BLANKE;Blanke;0,14609;2535;1371;2
03;Oslo;0301;Oslo;0508;Bygdøy skole;FI;Feministisk Initiativ;0,0;2535;1371;0
03;Oslo;0301;Oslo;0508;Bygdøy skole;Andre;Andre;1,7531;2535;1371;24
03;Oslo;0301;Oslo;0508;Bygdøy skole;Andre2;Andre2;0,0;2535;1371;0
03;Oslo;0301;Oslo;0601;Lysejordet skole;A;Arbeiderpartiet;18,5994;4388;1333;247
03;Oslo;0301;Oslo;0601;Lysejordet skole;SV;SV - Sosialistisk Venstreparti;6,1747;4388;1333;82
03;Oslo;0301;Oslo;0601;Lysejordet skole;RØDT;Rødt;1,88253;4388;1333;25
03;Oslo;0301;Oslo;0601;Lysejordet skole;SP;Senterpartiet;2,18373;4388;1333;29
03;Oslo;0301;Oslo;0601;Lysejordet skole;KRF;Kristelig Folkeparti;1,95783;4388;1333;26
03;Oslo;0301;Oslo;0601;Lysejordet skole;MDG;Miljøpartiet De Grønne;5,19578;4388;1333;69
03;Oslo;0301;Oslo;0601;Lysejordet skole;V;Venstre;13,70482;4388;1333;182
03;Oslo;0301;Oslo;0601;Lysejordet skole;H;Høyre;41,34036;4388;1333;549
03;Oslo;0301;Oslo;0601;Lysejordet skole;FRP;Fremskrittspartiet;7,30422;4388;1333;97
03;Oslo;0301;Oslo;0601;Lysejordet skole;AAN;Alliansen - Alternativ for Norge;0,1506;4388;1333;2
03;Oslo;0301;Oslo;0601;Lysejordet skole;DEMN;Demokratene;0,82831;4388;1333;11
03;Oslo;0301;Oslo;0601;Lysejordet skole;FNB;Folkeaksjonen Nei til mer bompenger;0,1506;4388;1333;2
03;Oslo;0301;Oslo;0601;Lysejordet skole;HELSE;Helsepartiet;0,0753;4388;1333;1
03;Oslo;0301;Oslo;0601;Lysejordet skole;INP;Industri- og Næringspartiet;0,0753;4388;1333;1
03;Oslo;0301;Oslo;0601;Lysejordet skole;KRISTNE;Partiet De Kristne;0,1506;4388;1333;2
03;Oslo;0301;Oslo;0601;Lysejordet skole;KYST;Kystpartiet;0,0;4388;1333;0
03;Oslo;0301;Oslo;0601;Lysejordet skole;LIBS;Liberalistene;0,0;4388;1333;0
03;Oslo;0301;Oslo;0601;Lysejordet skole;NKP;Norges Kommunistiske Parti;0,0;4388;1333;0
03;Oslo;0301;Oslo;0601;Lysejordet skole;PIR;Piratpartiet;0,0753;4388;1333;1
03;Oslo;0301;Oslo;0601;Lysejordet skole;PP;Pensjonistpartiet;0,0753;4388;1333;1
03;Oslo;0301;Oslo;0601;Lysejordet skole;PS;Partiet Sentrum;0,0753;4388;1333;1
03;Oslo;0301;Oslo;0601;Lysejordet skole;BLANKE;Blanke;0,37651;4388;1333;5
03;Oslo;0301;Oslo;0601;Lysejordet skole;FI;Feministisk Initiativ;0,0;4388;1333;0
03;Oslo;0301;Oslo;0601;Lysejordet skole;Andre;Andre;1,65663;4388;1333;22
03;Oslo;0301;Oslo;0601;Lysejordet skole;Andre2;Andre2;0,0;4388;1333;0
03;Oslo;0301;Oslo;0602;Øraker skole;A;Arbeiderpartiet;19,71154;5191;1465;287
03;Oslo;0301;Oslo;0602;Øraker skole;SV;SV - Sosialistisk Venstreparti;5,08242;5191;1465;74
03;Oslo;0301;Oslo;0602;Øraker skole;RØDT;Rødt;3,22802;5191;1465;47
03;Oslo;0301;Oslo;0602;Øraker skole;SP;Senterpartiet;1,92308;5191;1465;28
03;Oslo;0301;Oslo;0602;Øraker skole;KRF;Kristelig Folkeparti;1,71703;5191;1465;25
03;Oslo;0301;Oslo;0602;Øraker skole;MDG;Miljøpartiet De Grønne;5,35714;5191;1465;78
03;Oslo;0301;Oslo;0602;Øraker skole;V;Venstre;15,24725;5191;1465;222
03;Oslo;0301;Oslo;0602;Øraker skole;H;Høyre;39,21703;5191;1465;571
03;Oslo;0301;Oslo;0602;Øraker skole;FRP;Fremskrittspartiet;5,49451;5191;1465;80
03;Oslo;0301;Oslo;0602;Øraker skole;AAN;Alliansen - Alternativ for Norge;0,0;5191;1465;0
03;Oslo;0301;Oslo;0602;Øraker skole;DEMN;Demokratene;1,03022;5191;1465;15
03;Oslo;0301;Oslo;0602;Øraker skole;FNB;Folkeaksjonen Nei til mer bompenger;0,48077;5191;1465;7
03;Oslo;0301;Oslo;0602;Øraker skole;HELSE;Helsepartiet;0,34341;5191;1465;5
03;Oslo;0301;Oslo;0602;Øraker skole;INP;Industri- og Næringspartiet;0,0;5191;1465;0
03;Oslo;0301;Oslo;0602;Øraker skole;KRISTNE;Partiet De Kristne;0,34341;5191;1465;5
03;Oslo;0301;Oslo;0602;Øraker skole;KYST;Kystpartiet;0,0;5191;1465;0
03;Oslo;0301;Oslo;0602;Øraker skole;LIBS;Liberalistene;0,06868;5191;1465;1
03;Oslo;0301;Oslo;0602;Øraker skole;NKP;Norges Kommunistiske Parti;0,13736;5191;1465;2
03;Oslo;0301;Oslo;0602;Øraker skole;PIR;Piratpartiet;0,06868;5191;1465;1
03;Oslo;0301;Oslo;0602;Øraker skole;PP;Pensjonistpartiet;0,41209;5191;1465;6
03;Oslo;0301;Oslo;0602;Øraker skole;PS;Partiet Sentrum;0,13736;5191;1465;2
03;Oslo;0301;Oslo;0602;Øraker skole;BLANKE;Blanke;0,61813;5191;1465;9
03;Oslo;0301;Oslo;0602;Øraker skole;FI;Feministisk Initiativ;0,0;5191;1465;0
03;Oslo;0301;Oslo;0602;Øraker skole;Andre;Andre;3,02198;5191;1465;44
03;Oslo;0301;Oslo;0602;Øraker skole;Andre2;Andre2;0,0;5191;1465;0
03;Oslo;0301;Oslo;0603;Bestum skole;A;Arbeiderpartiet;17,69437;4043;1494;264
03;Oslo;0301;Oslo;0603;Bestum skole;SV;SV - Sosialistisk Venstreparti;4,82574;4043;1494;72
03;Oslo;0301;Oslo;0603;Bestum skole;RØDT;Rødt;2,68097;4043;1494;40
03;Oslo;0301;Oslo;0603;Bestum skole;SP;Senterpartiet;2,07775;4043;1494;31
03;Oslo;0301;Oslo;0603;Bestum skole;KRF;Kristelig Folkeparti;1,13941;4043;1494;17
03;Oslo;0301;Oslo;0603;Bestum skole;MDG;Miljøpartiet De Grønne;4,42359;4043;1494;66
03;Oslo;0301;Oslo;0603;Bestum skole;V;Venstre;16,75603;4043;1494;250
03;Oslo;0301;Oslo;0603;Bestum skole;H;Høyre;43,36461;4043;1494;647
03;Oslo;0301;Oslo;0603;Bestum skole;FRP;Fremskrittspartiet;5,96515;4043;1494;89
03;Oslo;0301;Oslo;0603;Bestum skole;AAN;Alliansen - Alternativ for Norge;0,0;4043;1494;0
03;Oslo;0301;Oslo;0603;Bestum skole;DEMN;Demokratene;0,33512;4043;1494;5
03;Oslo;0301;Oslo;0603;Bestum skole;FNB;Folkeaksjonen Nei til mer bompenger;0,40214;4043;1494;6
03;Oslo;0301;Oslo;0603;Bestum skole;HELSE;Helsepartiet;0,06702;4043;1494;1
03;Oslo;0301;Oslo;0603;Bestum skole;INP;Industri- og Næringspartiet;0,06702;4043;1494;1
03;Oslo;0301;Oslo;0603;Bestum skole;KRISTNE;Partiet De Kristne;0,0;4043;1494;0
03;Oslo;0301;Oslo;0603;Bestum skole;KYST;Kystpartiet;0,0;4043;1494;0
03;Oslo;0301;Oslo;0603;Bestum skole;LIBS;Liberalistene;0,0;4043;1494;0
03;Oslo;0301;Oslo;0603;Bestum skole;NKP;Norges Kommunistiske Parti;0,0;4043;1494;0
03;Oslo;0301;Oslo;0603;Bestum skole;PIR;Piratpartiet;0,0;4043;1494;0
03;Oslo;0301;Oslo;0603;Bestum skole;PP;Pensjonistpartiet;0,13405;4043;1494;2
03;Oslo;0301;Oslo;0603;Bestum skole;PS;Partiet Sentrum;0,06702;4043;1494;1
03;Oslo;0301;Oslo;0603;Bestum skole;BLANKE;Blanke;0,13405;4043;1494;2
03;Oslo;0301;Oslo;0603;Bestum skole;FI;Feministisk Initiativ;0,0;4043;1494;0
03;Oslo;0301;Oslo;0603;Bestum skole;Andre;Andre;1,07239;4043;1494;16
03;Oslo;0301;Oslo;0603;Bestum skole;Andre2;Andre2;0,0;4043;1494;0
03;Oslo;0301;Oslo;0604;Ullern videregående skole;A;Arbeiderpartiet;19,20089;2857;904;173
03;Oslo;0301;Oslo;0604;Ullern videregående skole;SV;SV - Sosialistisk Venstreparti;4,43951;2857;904;40
03;Oslo;0301;Oslo;0604;Ullern videregående skole;RØDT;Rødt;2,99667;2857;904;27
03;Oslo;0301;Oslo;0604;Ullern videregående skole;SP;Senterpartiet;2,33074;2857;904;21
03;Oslo;0301;Oslo;0604;Ullern videregående skole;KRF;Kristelig Folkeparti;1,99778;2857;904;18
03;Oslo;0301;Oslo;0604;Ullern videregående skole;MDG;Miljøpartiet De Grønne;4,66149;2857;904;42
03;Oslo;0301;Oslo;0604;Ullern videregående skole;V;Venstre;14,31743;2857;904;129
03;Oslo;0301;Oslo;0604;Ullern videregående skole;H;Høyre;41,62042;2857;904;375
03;Oslo;0301;Oslo;0604;Ullern videregående skole;FRP;Fremskrittspartiet;6,54828;2857;904;59
03;Oslo;0301;Oslo;0604;Ullern videregående skole;AAN;Alliansen - Alternativ for Norge;0,22198;2857;904;2
03;Oslo;0301;Oslo;0604;Ullern videregående skole;DEMN;Demokratene;1,10988;2857;904;10
03;Oslo;0301;Oslo;0604;Ullern videregående skole;FNB;Folkeaksjonen Nei til mer bompenger;0,0;2857;904;0
03;Oslo;0301;Oslo;0604;Ullern videregående skole;HELSE;Helsepartiet;0,0;2857;904;0
03;Oslo;0301;Oslo;0604;Ullern videregående skole;INP;Industri- og Næringspartiet;0,0;2857;904;0
03;Oslo;0301;Oslo;0604;Ullern videregående skole;KRISTNE;Partiet De Kristne;0,0;2857;904;0
03;Oslo;0301;Oslo;0604;Ullern videregående skole;KYST;Kystpartiet;0,11099;2857;904;1
03;Oslo;0301;Oslo;0604;Ullern videregående skole;LIBS;Liberalistene;0,11099;2857;904;1
03;Oslo;0301;Oslo;0604;Ullern videregående skole;NKP;Norges Kommunistiske Parti;0,0;2857;904;0
03;Oslo;0301;Oslo;0604;Ullern videregående skole;PIR;Piratpartiet;0,0;2857;904;0
03;Oslo;0301;Oslo;0604;Ullern videregående skole;PP;Pensjonistpartiet;0,22198;2857;904;2
03;Oslo;0301;Oslo;0604;Ullern videregående skole;PS;Partiet Sentrum;0,11099;2857;904;1
03;Oslo;0301;Oslo;0604;Ullern videregående skole;BLANKE;Blanke;0,33296;2857;904;3
03;Oslo;0301;Oslo;0604;Ullern videregående skole;FI;Feministisk Initiativ;0,0;2857;904;0
03;Oslo;0301;Oslo;0604;Ullern videregående skole;Andre;Andre;1,88679;2857;904;17
03;Oslo;0301;Oslo;0604;Ullern videregående skole;Andre2;Andre2;0,0;2857;904;0
03;Oslo;0301;Oslo;0605;Smestad skole;A;Arbeiderpartiet;17,4946;3257;1393;243
03;Oslo;0301;Oslo;0605;Smestad skole;SV;SV - Sosialistisk Venstreparti;5,83153;3257;1393;81
03;Oslo;0301;Oslo;0605;Smestad skole;RØDT;Rødt;3,59971;3257;1393;50
03;Oslo;0301;Oslo;0605;Smestad skole;SP;Senterpartiet;2,15983;3257;1393;30
03;Oslo;0301;Oslo;0605;Smestad skole;KRF;Kristelig Folkeparti;1,72786;3257;1393;24
03;Oslo;0301;Oslo;0605;Smestad skole;MDG;Miljøpartiet De Grønne;6,2635;3257;1393;87
03;Oslo;0301;Oslo;0605;Smestad skole;V;Venstre;17,92657;3257;1393;249
03;Oslo;0301;Oslo;0605;Smestad skole;H;Høyre;38,51692;3257;1393;535
03;Oslo;0301;Oslo;0605;Smestad skole;FRP;Fremskrittspartiet;5,61555;3257;1393;78
03;Oslo;0301;Oslo;0605;Smestad skole;AAN;Alliansen - Alternativ for Norge;0,0;3257;1393;0
03;Oslo;0301;Oslo;0605;Smestad skole;DEMN;Demokratene;0,43197;3257;1393;6
03;Oslo;0301;Oslo;0605;Smestad skole;FNB;Folkeaksjonen Nei til mer bompenger;0,0;3257;1393;0
03;Oslo;0301;Oslo;0605;Smestad skole;HELSE;Helsepartiet;0,0;3257;1393;0
03;Oslo;0301;Oslo;0605;Smestad skole;INP;Industri- og Næringspartiet;0,0;3257;1393;0
03;Oslo;0301;Oslo;0605;Smestad skole;KRISTNE;Partiet De Kristne;0,0;3257;1393;0
03;Oslo;0301;Oslo;0605;Smestad skole;KYST;Kystpartiet;0,0;3257;1393;0
03;Oslo;0301;Oslo;0605;Smestad skole;LIBS;Liberalistene;0,14399;3257;1393;2
03;Oslo;0301;Oslo;0605;Smestad skole;NKP;Norges Kommunistiske Parti;0,0;3257;1393;0
03;Oslo;0301;Oslo;0605;Smestad skole;PIR;Piratpartiet;0,0;3257;1393;0
03;Oslo;0301;Oslo;0605;Smestad skole;PP;Pensjonistpartiet;0,14399;3257;1393;2
03;Oslo;0301;Oslo;0605;Smestad skole;PS;Partiet Sentrum;0,14399;3257;1393;2
03;Oslo;0301;Oslo;0605;Smestad skole;BLANKE;Blanke;0,28798;3257;1393;4
03;Oslo;0301;Oslo;0605;Smestad skole;FI;Feministisk Initiativ;0,0;3257;1393;0
03;Oslo;0301;Oslo;0605;Smestad skole;Andre;Andre;0,86393;3257;1393;12
03;Oslo;0301;Oslo;0605;Smestad skole;Andre2;Andre2;0,0;3257;1393;0
03;Oslo;0301;Oslo;0606;Skøyen skole;A;Arbeiderpartiet;18,76676;4572;1871;350
03;Oslo;0301;Oslo;0606;Skøyen skole;SV;SV - Sosialistisk Venstreparti;9,11528;4572;1871;170
03;Oslo;0301;Oslo;0606;Skøyen skole;RØDT;Rødt;3,48525;4572;1871;65
03;Oslo;0301;Oslo;0606;Skøyen skole;SP;Senterpartiet;1,71582;4572;1871;32
03;Oslo;0301;Oslo;0606;Skøyen skole;KRF;Kristelig Folkeparti;2,14477;4572;1871;40
03;Oslo;0301;Oslo;0606;Skøyen skole;MDG;Miljøpartiet De Grønne;7,07775;4572;1871;132
03;Oslo;0301;Oslo;0606;Skøyen skole;V;Venstre;16,35389;4572;1871;305
03;Oslo;0301;Oslo;0606;Skøyen skole;H;Høyre;33,78016;4572;1871;630
03;Oslo;0301;Oslo;0606;Skøyen skole;FRP;Fremskrittspartiet;5,63003;4572;1871;105
03;Oslo;0301;Oslo;0606;Skøyen skole;AAN;Alliansen - Alternativ for Norge;0,0;4572;1871;0
03;Oslo;0301;Oslo;0606;Skøyen skole;DEMN;Demokratene;0,85791;4572;1871;16
03;Oslo;0301;Oslo;0606;Skøyen skole;FNB;Folkeaksjonen Nei til mer bompenger;0,10724;4572;1871;2
03;Oslo;0301;Oslo;0606;Skøyen skole;HELSE;Helsepartiet;0,10724;4572;1871;2
03;Oslo;0301;Oslo;0606;Skøyen skole;INP;Industri- og Næringspartiet;0,05362;4572;1871;1
03;Oslo;0301;Oslo;0606;Skøyen skole;KRISTNE;Partiet De Kristne;0,10724;4572;1871;2
03;Oslo;0301;Oslo;0606;Skøyen skole;KYST;Kystpartiet;0,0;4572;1871;0
03;Oslo;0301;Oslo;0606;Skøyen skole;LIBS;Liberalistene;0,16086;4572;1871;3
03;Oslo;0301;Oslo;0606;Skøyen skole;NKP;Norges Kommunistiske Parti;0,10724;4572;1871;2
03;Oslo;0301;Oslo;0606;Skøyen skole;PIR;Piratpartiet;0,0;4572;1871;0
03;Oslo;0301;Oslo;0606;Skøyen skole;PP;Pensjonistpartiet;0,05362;4572;1871;1
03;Oslo;0301;Oslo;0606;Skøyen skole;PS;Partiet Sentrum;0,37534;4572;1871;7
03;Oslo;0301;Oslo;0606;Skøyen skole;BLANKE;Blanke;0,32172;4572;1871;6
03;Oslo;0301;Oslo;0606;Skøyen skole;FI;Feministisk Initiativ;0,0;4572;1871;0
03;Oslo;0301;Oslo;0606;Skøyen skole;Andre;Andre;1,93029;4572;1871;36
03;Oslo;0301;Oslo;0606;Skøyen skole;Andre2;Andre2;0,0;4572;1871;0
03;Oslo;0301;Oslo;0701;Vinderen skole;A;Arbeiderpartiet;15,09033;3388;946;142
03;Oslo;0301;Oslo;0701;Vinderen skole;SV;SV - Sosialistisk Venstreparti;6,48247;3388;946;61
03;Oslo;0301;Oslo;0701;Vinderen skole;RØDT;Rødt;3,71945;3388;946;35
03;Oslo;0301;Oslo;0701;Vinderen skole;SP;Senterpartiet;2,23167;3388;946;21
03;Oslo;0301;Oslo;0701;Vinderen skole;KRF;Kristelig Folkeparti;1,48778;3388;946;14
03;Oslo;0301;Oslo;0701;Vinderen skole;MDG;Miljøpartiet De Grønne;6,26993;3388;946;59
03;Oslo;0301;Oslo;0701;Vinderen skole;V;Venstre;18,17216;3388;946;171
03;Oslo;0301;Oslo;0701;Vinderen skole;H;Høyre;38,89479;3388;946;366
03;Oslo;0301;Oslo;0701;Vinderen skole;FRP;Fremskrittspartiet;6,26993;3388;946;59
03;Oslo;0301;Oslo;0701;Vinderen skole;AAN;Alliansen - Alternativ for Norge;0,10627;3388;946;1
03;Oslo;0301;Oslo;0701;Vinderen skole;DEMN;Demokratene;0,42508;3388;946;4
03;Oslo;0301;Oslo;0701;Vinderen skole;FNB;Folkeaksjonen Nei til mer bompenger;0,0;3388;946;0
03;Oslo;0301;Oslo;0701;Vinderen skole;HELSE;Helsepartiet;0,21254;3388;946;2
03;Oslo;0301;Oslo;0701;Vinderen skole;INP;Industri- og Næringspartiet;0,0;3388;946;0
03;Oslo;0301;Oslo;0701;Vinderen skole;KRISTNE;Partiet De Kristne;0,21254;3388;946;2
03;Oslo;0301;Oslo;0701;Vinderen skole;KYST;Kystpartiet;0,0;3388;946;0
03;Oslo;0301;Oslo;0701;Vinderen skole;LIBS;Liberalistene;0,21254;3388;946;2
03;Oslo;0301;Oslo;0701;Vinderen skole;NKP;Norges Kommunistiske Parti;0,0;3388;946;0
03;Oslo;0301;Oslo;0701;Vinderen skole;PIR;Piratpartiet;0,0;3388;946;0
03;Oslo;0301;Oslo;0701;Vinderen skole;PP;Pensjonistpartiet;0,10627;3388;946;1
03;Oslo;0301;Oslo;0701;Vinderen skole;PS;Partiet Sentrum;0,10627;3388;946;1
03;Oslo;0301;Oslo;0701;Vinderen skole;BLANKE;Blanke;0,53135;3388;946;5
03;Oslo;0301;Oslo;0701;Vinderen skole;FI;Feministisk Initiativ;0,0;3388;946;0
03;Oslo;0301;Oslo;0701;Vinderen skole;Andre;Andre;1,38151;3388;946;13
03;Oslo;0301;Oslo;0701;Vinderen skole;Andre2;Andre2;0,0;3388;946;0
03;Oslo;0301;Oslo;0702;Ris skole;A;Arbeiderpartiet;13,49515;4918;1035;139
03;Oslo;0301;Oslo;0702;Ris skole;SV;SV - Sosialistisk Venstreparti;5,14563;4918;1035;53
03;Oslo;0301;Oslo;0702;Ris skole;RØDT;Rødt;2,71845;4918;1035;28
03;Oslo;0301;Oslo;0702;Ris skole;SP;Senterpartiet;2,03883;4918;1035;21
03;Oslo;0301;Oslo;0702;Ris skole;KRF;Kristelig Folkeparti;1,35922;4918;1035;14
03;Oslo;0301;Oslo;0702;Ris skole;MDG;Miljøpartiet De Grønne;4,56311;4918;1035;47
03;Oslo;0301;Oslo;0702;Ris skole;V;Venstre;16,79612;4918;1035;173
03;Oslo;0301;Oslo;0702;Ris skole;H;Høyre;45,82524;4918;1035;472
03;Oslo;0301;Oslo;0702;Ris skole;FRP;Fremskrittspartiet;6,40777;4918;1035;66
03;Oslo;0301;Oslo;0702;Ris skole;AAN;Alliansen - Alternativ for Norge;0,0;4918;1035;0
03;Oslo;0301;Oslo;0702;Ris skole;DEMN;Demokratene;0,7767;4918;1035;8
03;Oslo;0301;Oslo;0702;Ris skole;FNB;Folkeaksjonen Nei til mer bompenger;0,09709;4918;1035;1
03;Oslo;0301;Oslo;0702;Ris skole;HELSE;Helsepartiet;0,09709;4918;1035;1
03;Oslo;0301;Oslo;0702;Ris skole;INP;Industri- og Næringspartiet;0,0;4918;1035;0
03;Oslo;0301;Oslo;0702;Ris skole;KRISTNE;Partiet De Kristne;0,0;4918;1035;0
03;Oslo;0301;Oslo;0702;Ris skole;KYST;Kystpartiet;0,0;4918;1035;0
03;Oslo;0301;Oslo;0702;Ris skole;LIBS;Liberalistene;0,09709;4918;1035;1
03;Oslo;0301;Oslo;0702;Ris skole;NKP;Norges Kommunistiske Parti;0,0;4918;1035;0
03;Oslo;0301;Oslo;0702;Ris skole;PIR;Piratpartiet;0,0;4918;1035;0
03;Oslo;0301;Oslo;0702;Ris skole;PP;Pensjonistpartiet;0,19417;4918;1035;2
03;Oslo;0301;Oslo;0702;Ris skole;PS;Partiet Sentrum;0,38835;4918;1035;4
03;Oslo;0301;Oslo;0702;Ris skole;BLANKE;Blanke;0,48544;4918;1035;5
03;Oslo;0301;Oslo;0702;Ris skole;FI;Feministisk Initiativ;0,0;4918;1035;0
03;Oslo;0301;Oslo;0702;Ris skole;Andre;Andre;1,65049;4918;1035;17
03;Oslo;0301;Oslo;0702;Ris skole;Andre2;Andre2;0,0;4918;1035;0
03;Oslo;0301;Oslo;0703;Svendstuen skole;A;Arbeiderpartiet;12,52456;7512;2041;255
03;Oslo;0301;Oslo;0703;Svendstuen skole;SV;SV - Sosialistisk Venstreparti;2,79961;7512;2041;57
03;Oslo;0301;Oslo;0703;Svendstuen skole;RØDT;Rødt;0,68762;7512;2041;14
03;Oslo;0301;Oslo;0703;Svendstuen skole;SP;Senterpartiet;1,71906;7512;2041;35
03;Oslo;0301;Oslo;0703;Svendstuen skole;KRF;Kristelig Folkeparti;1,52259;7512;2041;31
03;Oslo;0301;Oslo;0703;Svendstuen skole;MDG;Miljøpartiet De Grønne;4,91159;7512;2041;100
03;Oslo;0301;Oslo;0703;Svendstuen skole;V;Venstre;16,11002;7512;2041;328
03;Oslo;0301;Oslo;0703;Svendstuen skole;H;Høyre;51,03143;7512;2041;1039
03;Oslo;0301;Oslo;0703;Svendstuen skole;FRP;Fremskrittspartiet;7,31827;7512;2041;149
03;Oslo;0301;Oslo;0703;Svendstuen skole;AAN;Alliansen - Alternativ for Norge;0,0;7512;2041;0
03;Oslo;0301;Oslo;0703;Svendstuen skole;DEMN;Demokratene;0,68762;7512;2041;14
03;Oslo;0301;Oslo;0703;Svendstuen skole;FNB;Folkeaksjonen Nei til mer bompenger;0,09823;7512;2041;2
03;Oslo;0301;Oslo;0703;Svendstuen skole;HELSE;Helsepartiet;0,0;7512;2041;0
03;Oslo;0301;Oslo;0703;Svendstuen skole;INP;Industri- og Næringspartiet;0,0;7512;2041;0
03;Oslo;0301;Oslo;0703;Svendstuen skole;KRISTNE;Partiet De Kristne;0,04912;7512;2041;1
03;Oslo;0301;Oslo;0703;Svendstuen skole;KYST;Kystpartiet;0,04912;7512;2041;1
03;Oslo;0301;Oslo;0703;Svendstuen skole;LIBS;Liberalistene;0,24558;7512;2041;5
03;Oslo;0301;Oslo;0703;Svendstuen skole;NKP;Norges Kommunistiske Parti;0,0;7512;2041;0
03;Oslo;0301;Oslo;0703;Svendstuen skole;PIR;Piratpartiet;0,04912;7512;2041;1
03;Oslo;0301;Oslo;0703;Svendstuen skole;PP;Pensjonistpartiet;0,04912;7512;2041;1
03;Oslo;0301;Oslo;0703;Svendstuen skole;PS;Partiet Sentrum;0,09823;7512;2041;2
03;Oslo;0301;Oslo;0703;Svendstuen skole;BLANKE;Blanke;0,24558;7512;2041;5
03;Oslo;0301;Oslo;0703;Svendstuen skole;FI;Feministisk Initiativ;0,04912;7512;2041;1
03;Oslo;0301;Oslo;0703;Svendstuen skole;Andre;Andre;1,37525;7512;2041;28
03;Oslo;0301;Oslo;0703;Svendstuen skole;Andre2;Andre2;0,0;7512;2041;0
03;Oslo;0301;Oslo;0704;Grindbakken skole;A;Arbeiderpartiet;16,53333;3339;1129;186
03;Oslo;0301;Oslo;0704;Grindbakken skole;SV;SV - Sosialistisk Venstreparti;5,95556;3339;1129;67
03;Oslo;0301;Oslo;0704;Grindbakken skole;RØDT;Rødt;1,6;3339;1129;18
03;Oslo;0301;Oslo;0704;Grindbakken skole;SP;Senterpartiet;3,02222;3339;1129;34
03;Oslo;0301;Oslo;0704;Grindbakken skole;KRF;Kristelig Folkeparti;1,77778;3339;1129;20
03;Oslo;0301;Oslo;0704;Grindbakken skole;MDG;Miljøpartiet De Grønne;3,46667;3339;1129;39
03;Oslo;0301;Oslo;0704;Grindbakken skole;V;Venstre;10,93333;3339;1129;123
03;Oslo;0301;Oslo;0704;Grindbakken skole;H;Høyre;45,95556;3339;1129;517
03;Oslo;0301;Oslo;0704;Grindbakken skole;FRP;Fremskrittspartiet;9,33333;3339;1129;105
03;Oslo;0301;Oslo;0704;Grindbakken skole;AAN;Alliansen - Alternativ for Norge;0,08889;3339;1129;1
03;Oslo;0301;Oslo;0704;Grindbakken skole;DEMN;Demokratene;0,97778;3339;1129;11
03;Oslo;0301;Oslo;0704;Grindbakken skole;FNB;Folkeaksjonen Nei til mer bompenger;0,08889;3339;1129;1
03;Oslo;0301;Oslo;0704;Grindbakken skole;HELSE;Helsepartiet;0,0;3339;1129;0
03;Oslo;0301;Oslo;0704;Grindbakken skole;INP;Industri- og Næringspartiet;0,0;3339;1129;0
03;Oslo;0301;Oslo;0704;Grindbakken skole;KRISTNE;Partiet De Kristne;0,0;3339;1129;0
03;Oslo;0301;Oslo;0704;Grindbakken skole;KYST;Kystpartiet;0,0;3339;1129;0
03;Oslo;0301;Oslo;0704;Grindbakken skole;LIBS;Liberalistene;0,08889;3339;1129;1
03;Oslo;0301;Oslo;0704;Grindbakken skole;NKP;Norges Kommunistiske Parti;0,0;3339;1129;0
03;Oslo;0301;Oslo;0704;Grindbakken skole;PIR;Piratpartiet;0,0;3339;1129;0
03;Oslo;0301;Oslo;0704;Grindbakken skole;PP;Pensjonistpartiet;0,08889;3339;1129;1
03;Oslo;0301;Oslo;0704;Grindbakken skole;PS;Partiet Sentrum;0,08889;3339;1129;1
03;Oslo;0301;Oslo;0704;Grindbakken skole;BLANKE;Blanke;0,35556;3339;1129;4
03;Oslo;0301;Oslo;0704;Grindbakken skole;FI;Feministisk Initiativ;0,0;3339;1129;0
03;Oslo;0301;Oslo;0704;Grindbakken skole;Andre;Andre;1,42222;3339;1129;16
03;Oslo;0301;Oslo;0704;Grindbakken skole;Andre2;Andre2;0,0;3339;1129;0
03;Oslo;0301;Oslo;0705;Bogstad skole;A;Arbeiderpartiet;20,01696;3498;1184;236
03;Oslo;0301;Oslo;0705;Bogstad skole;SV;SV - Sosialistisk Venstreparti;6,95505;3498;1184;82
03;Oslo;0301;Oslo;0705;Bogstad skole;RØDT;Rødt;3,30789;3498;1184;39
03;Oslo;0301;Oslo;0705;Bogstad skole;SP;Senterpartiet;2,29008;3498;1184;27
03;Oslo;0301;Oslo;0705;Bogstad skole;KRF;Kristelig Folkeparti;2,03562;3498;1184;24
03;Oslo;0301;Oslo;0705;Bogstad skole;MDG;Miljøpartiet De Grønne;6,10687;3498;1184;72
03;Oslo;0301;Oslo;0705;Bogstad skole;V;Venstre;13,82528;3498;1184;163
03;Oslo;0301;Oslo;0705;Bogstad skole;H;Høyre;37,91349;3498;1184;447
03;Oslo;0301;Oslo;0705;Bogstad skole;FRP;Fremskrittspartiet;5,93723;3498;1184;70
03;Oslo;0301;Oslo;0705;Bogstad skole;AAN;Alliansen - Alternativ for Norge;0,0;3498;1184;0
03;Oslo;0301;Oslo;0705;Bogstad skole;DEMN;Demokratene;0,67854;3498;1184;8
03;Oslo;0301;Oslo;0705;Bogstad skole;FNB;Folkeaksjonen Nei til mer bompenger;0,0;3498;1184;0
03;Oslo;0301;Oslo;0705;Bogstad skole;HELSE;Helsepartiet;0,08482;3498;1184;1
03;Oslo;0301;Oslo;0705;Bogstad skole;INP;Industri- og Næringspartiet;0,0;3498;1184;0
03;Oslo;0301;Oslo;0705;Bogstad skole;KRISTNE;Partiet De Kristne;0,08482;3498;1184;1
03;Oslo;0301;Oslo;0705;Bogstad skole;KYST;Kystpartiet;0,0;3498;1184;0
03;Oslo;0301;Oslo;0705;Bogstad skole;LIBS;Liberalistene;0,25445;3498;1184;3
03;Oslo;0301;Oslo;0705;Bogstad skole;NKP;Norges Kommunistiske Parti;0,08482;3498;1184;1
03;Oslo;0301;Oslo;0705;Bogstad skole;PIR;Piratpartiet;0,16964;3498;1184;2
03;Oslo;0301;Oslo;0705;Bogstad skole;PP;Pensjonistpartiet;0,0;3498;1184;0
03;Oslo;0301;Oslo;0705;Bogstad skole;PS;Partiet Sentrum;0,16964;3498;1184;2
03;Oslo;0301;Oslo;0705;Bogstad skole;BLANKE;Blanke;0,42409;3498;1184;5
03;Oslo;0301;Oslo;0705;Bogstad skole;FI;Feministisk Initiativ;0,08482;3498;1184;1
03;Oslo;0301;Oslo;0705;Bogstad skole;Andre;Andre;1,61154;3498;1184;19
03;Oslo;0301;Oslo;0705;Bogstad skole;Andre2;Andre2;0,0;3498;1184;0
03;Oslo;0301;Oslo;0706;Hovseter idrettshall;A;Arbeiderpartiet;25,33249;5669;1586;400
03;Oslo;0301;Oslo;0706;Hovseter idrettshall;SV;SV - Sosialistisk Venstreparti;10,133;5669;1586;160
03;Oslo;0301;Oslo;0706;Hovseter idrettshall;RØDT;Rødt;6,14313;5669;1586;97
03;Oslo;0301;Oslo;0706;Hovseter idrettshall;SP;Senterpartiet;3,67321;5669;1586;58
03;Oslo;0301;Oslo;0706;Hovseter idrettshall;KRF;Kristelig Folkeparti;2,27992;5669;1586;36
03;Oslo;0301;Oslo;0706;Hovseter idrettshall;MDG;Miljøpartiet De Grønne;6,83977;5669;1586;108
03;Oslo;0301;Oslo;0706;Hovseter idrettshall;V;Venstre;11,71628;5669;1586;185
03;Oslo;0301;Oslo;0706;Hovseter idrettshall;H;Høyre;24,82584;5669;1586;392
03;Oslo;0301;Oslo;0706;Hovseter idrettshall;FRP;Fremskrittspartiet;6,77644;5669;1586;107
03;Oslo;0301;Oslo;0706;Hovseter idrettshall;AAN;Alliansen - Alternativ for Norge;0,12666;5669;1586;2
03;Oslo;0301;Oslo;0706;Hovseter idrettshall;DEMN;Demokratene;0,69664;5669;1586;11
03;Oslo;0301;Oslo;0706;Hovseter idrettshall;FNB;Folkeaksjonen Nei til mer bompenger;0,18999;5669;1586;3
03;Oslo;0301;Oslo;0706;Hovseter idrettshall;HELSE;Helsepartiet;0,12666;5669;1586;2
03;Oslo;0301;Oslo;0706;Hovseter idrettshall;INP;Industri- og Næringspartiet;0,12666;5669;1586;2
03;Oslo;0301;Oslo;0706;Hovseter idrettshall;KRISTNE;Partiet De Kristne;0,0;5669;1586;0
03;Oslo;0301;Oslo;0706;Hovseter idrettshall;KYST;Kystpartiet;0,06333;5669;1586;1
03;Oslo;0301;Oslo;0706;Hovseter idrettshall;LIBS;Liberalistene;0,06333;5669;1586;1
03;Oslo;0301;Oslo;0706;Hovseter idrettshall;NKP;Norges Kommunistiske Parti;0,12666;5669;1586;2
03;Oslo;0301;Oslo;0706;Hovseter idrettshall;PIR;Piratpartiet;0,12666;5669;1586;2
03;Oslo;0301;Oslo;0706;Hovseter idrettshall;PP;Pensjonistpartiet;0,25332;5669;1586;4
03;Oslo;0301;Oslo;0706;Hovseter idrettshall;PS;Partiet Sentrum;0,37999;5669;1586;6
03;Oslo;0301;Oslo;0706;Hovseter idrettshall;BLANKE;Blanke;0,44332;5669;1586;7
03;Oslo;0301;Oslo;0706;Hovseter idrettshall;FI;Feministisk Initiativ;0,0;5669;1586;0
03;Oslo;0301;Oslo;0706;Hovseter idrettshall;Andre;Andre;2,27992;5669;1586;36
03;Oslo;0301;Oslo;0706;Hovseter idrettshall;Andre2;Andre2;0,0;5669;1586;0
03;Oslo;0301;Oslo;0707;Persbråten videregående skole;A;Arbeiderpartiet;20,09912;5835;1822;365
03;Oslo;0301;Oslo;0707;Persbråten videregående skole;SV;SV - Sosialistisk Venstreparti;7,37885;5835;1822;134
03;Oslo;0301;Oslo;0707;Persbråten videregående skole;RØDT;Rødt;3,46916;5835;1822;63
03;Oslo;0301;Oslo;0707;Persbråten videregående skole;SP;Senterpartiet;2,31278;5835;1822;42
03;Oslo;0301;Oslo;0707;Persbråten videregående skole;KRF;Kristelig Folkeparti;1,70705;5835;1822;31
03;Oslo;0301;Oslo;0707;Persbråten videregående skole;MDG;Miljøpartiet De Grønne;6,27753;5835;1822;114
03;Oslo;0301;Oslo;0707;Persbråten videregående skole;V;Venstre;14,59251;5835;1822;265
03;Oslo;0301;Oslo;0707;Persbråten videregående skole;H;Høyre;37,27974;5835;1822;677
03;Oslo;0301;Oslo;0707;Persbråten videregående skole;FRP;Fremskrittspartiet;5,34141;5835;1822;97
03;Oslo;0301;Oslo;0707;Persbråten videregående skole;AAN;Alliansen - Alternativ for Norge;0,05507;5835;1822;1
03;Oslo;0301;Oslo;0707;Persbråten videregående skole;DEMN;Demokratene;0,38546;5835;1822;7
03;Oslo;0301;Oslo;0707;Persbråten videregående skole;FNB;Folkeaksjonen Nei til mer bompenger;0,1652;5835;1822;3
03;Oslo;0301;Oslo;0707;Persbråten videregående skole;HELSE;Helsepartiet;0,27533;5835;1822;5
03;Oslo;0301;Oslo;0707;Persbråten videregående skole;INP;Industri- og Næringspartiet;0,05507;5835;1822;1
03;Oslo;0301;Oslo;0707;Persbråten videregående skole;KRISTNE;Partiet De Kristne;0,05507;5835;1822;1
03;Oslo;0301;Oslo;0707;Persbråten videregående skole;KYST;Kystpartiet;0,0;5835;1822;0
03;Oslo;0301;Oslo;0707;Persbråten videregående skole;LIBS;Liberalistene;0,11013;5835;1822;2
03;Oslo;0301;Oslo;0707;Persbråten videregående skole;NKP;Norges Kommunistiske Parti;0,0;5835;1822;0
03;Oslo;0301;Oslo;0707;Persbråten videregående skole;PIR;Piratpartiet;0,11013;5835;1822;2
03;Oslo;0301;Oslo;0707;Persbråten videregående skole;PP;Pensjonistpartiet;0,11013;5835;1822;2
03;Oslo;0301;Oslo;0707;Persbråten videregående skole;PS;Partiet Sentrum;0,22026;5835;1822;4
03;Oslo;0301;Oslo;0707;Persbråten videregående skole;BLANKE;Blanke;0,3304;5835;1822;6
03;Oslo;0301;Oslo;0707;Persbråten videregående skole;FI;Feministisk Initiativ;0,0;5835;1822;0
03;Oslo;0301;Oslo;0707;Persbråten videregående skole;Andre;Andre;1,54185;5835;1822;28
03;Oslo;0301;Oslo;0707;Persbråten videregående skole;Andre2;Andre2;0,0;5835;1822;0
03;Oslo;0301;Oslo;1701;Sørkedalen skole;A;Arbeiderpartiet;24,54874;480;280;68
03;Oslo;0301;Oslo;1701;Sørkedalen skole;SV;SV - Sosialistisk Venstreparti;6,49819;480;280;18
03;Oslo;0301;Oslo;1701;Sørkedalen skole;RØDT;Rødt;4,69314;480;280;13
03;Oslo;0301;Oslo;1701;Sørkedalen skole;SP;Senterpartiet;7,94224;480;280;22
03;Oslo;0301;Oslo;1701;Sørkedalen skole;KRF;Kristelig Folkeparti;1,08303;480;280;3
03;Oslo;0301;Oslo;1701;Sørkedalen skole;MDG;Miljøpartiet De Grønne;6,85921;480;280;19
03;Oslo;0301;Oslo;1701;Sørkedalen skole;V;Venstre;12,99639;480;280;36
03;Oslo;0301;Oslo;1701;Sørkedalen skole;H;Høyre;23,82671;480;280;66
03;Oslo;0301;Oslo;1701;Sørkedalen skole;FRP;Fremskrittspartiet;9,02527;480;280;25
03;Oslo;0301;Oslo;1701;Sørkedalen skole;AAN;Alliansen - Alternativ for Norge;0,0;480;280;0
03;Oslo;0301;Oslo;1701;Sørkedalen skole;DEMN;Demokratene;1,08303;480;280;3
03;Oslo;0301;Oslo;1701;Sørkedalen skole;FNB;Folkeaksjonen Nei til mer bompenger;0,0;480;280;0
03;Oslo;0301;Oslo;1701;Sørkedalen skole;HELSE;Helsepartiet;0,0;480;280;0
03;Oslo;0301;Oslo;1701;Sørkedalen skole;INP;Industri- og Næringspartiet;0,36101;480;280;1
03;Oslo;0301;Oslo;1701;Sørkedalen skole;KRISTNE;Partiet De Kristne;0,0;480;280;0
03;Oslo;0301;Oslo;1701;Sørkedalen skole;KYST;Kystpartiet;0,0;480;280;0
03;Oslo;0301;Oslo;1701;Sørkedalen skole;LIBS;Liberalistene;0,0;480;280;0
03;Oslo;0301;Oslo;1701;Sørkedalen skole;NKP;Norges Kommunistiske Parti;0,0;480;280;0
03;Oslo;0301;Oslo;1701;Sørkedalen skole;PIR;Piratpartiet;0,0;480;280;0
03;Oslo;0301;Oslo;1701;Sørkedalen skole;PP;Pensjonistpartiet;0,0;480;280;0
03;Oslo;0301;Oslo;1701;Sørkedalen skole;PS;Partiet Sentrum;1,08303;480;280;3
03;Oslo;0301;Oslo;1701;Sørkedalen skole;BLANKE;Blanke;1,08303;480;280;3
03;Oslo;0301;Oslo;1701;Sørkedalen skole;FI;Feministisk Initiativ;0,0;480;280;0
03;Oslo;0301;Oslo;1701;Sørkedalen skole;Andre;Andre;2,52708;480;280;7
03;Oslo;0301;Oslo;1701;Sørkedalen skole;Andre2;Andre2;0,0;480;280;0
03;Oslo;0301;Oslo;0801;Ullevål skole;A;Arbeiderpartiet;23,13655;4593;1682;388
03;Oslo;0301;Oslo;0801;Ullevål skole;SV;SV - Sosialistisk Venstreparti;12,22421;4593;1682;205
03;Oslo;0301;Oslo;0801;Ullevål skole;RØDT;Rødt;5,9034;4593;1682;99
03;Oslo;0301;Oslo;0801;Ullevål skole;SP;Senterpartiet;2,74299;4593;1682;46
03;Oslo;0301;Oslo;0801;Ullevål skole;KRF;Kristelig Folkeparti;1,55039;4593;1682;26
03;Oslo;0301;Oslo;0801;Ullevål skole;MDG;Miljøpartiet De Grønne;12,64162;4593;1682;212
03;Oslo;0301;Oslo;0801;Ullevål skole;V;Venstre;17,17352;4593;1682;288
03;Oslo;0301;Oslo;0801;Ullevål skole;H;Høyre;20,57245;4593;1682;345
03;Oslo;0301;Oslo;0801;Ullevål skole;FRP;Fremskrittspartiet;2,86225;4593;1682;48
03;Oslo;0301;Oslo;0801;Ullevål skole;AAN;Alliansen - Alternativ for Norge;0,0;4593;1682;0
03;Oslo;0301;Oslo;0801;Ullevål skole;DEMN;Demokratene;0,47704;4593;1682;8
03;Oslo;0301;Oslo;0801;Ullevål skole;FNB;Folkeaksjonen Nei til mer bompenger;0,11926;4593;1682;2
03;Oslo;0301;Oslo;0801;Ullevål skole;HELSE;Helsepartiet;0,11926;4593;1682;2
03;Oslo;0301;Oslo;0801;Ullevål skole;INP;Industri- og Næringspartiet;0,05963;4593;1682;1
03;Oslo;0301;Oslo;0801;Ullevål skole;KRISTNE;Partiet De Kristne;0,0;4593;1682;0
03;Oslo;0301;Oslo;0801;Ullevål skole;KYST;Kystpartiet;0,0;4593;1682;0
03;Oslo;0301;Oslo;0801;Ullevål skole;LIBS;Liberalistene;0,05963;4593;1682;1
03;Oslo;0301;Oslo;0801;Ullevål skole;NKP;Norges Kommunistiske Parti;0,0;4593;1682;0
03;Oslo;0301;Oslo;0801;Ullevål skole;PIR;Piratpartiet;0,0;4593;1682;0
03;Oslo;0301;Oslo;0801;Ullevål skole;PP;Pensjonistpartiet;0,05963;4593;1682;1
03;Oslo;0301;Oslo;0801;Ullevål skole;PS;Partiet Sentrum;0,23852;4593;1682;4
03;Oslo;0301;Oslo;0801;Ullevål skole;BLANKE;Blanke;0,29815;4593;1682;5
03;Oslo;0301;Oslo;0801;Ullevål skole;FI;Feministisk Initiativ;0,05963;4593;1682;1
03;Oslo;0301;Oslo;0801;Ullevål skole;Andre;Andre;1,19261;4593;1682;20
03;Oslo;0301;Oslo;0801;Ullevål skole;Andre2;Andre2;0,0;4593;1682;0
03;Oslo;0301;Oslo;0802;Blindern videregående skole;A;Arbeiderpartiet;22,43187;2585;957;214
03;Oslo;0301;Oslo;0802;Blindern videregående skole;SV;SV - Sosialistisk Venstreparti;13,20755;2585;957;126
03;Oslo;0301;Oslo;0802;Blindern videregående skole;RØDT;Rødt;8,80503;2585;957;84
03;Oslo;0301;Oslo;0802;Blindern videregående skole;SP;Senterpartiet;5,13627;2585;957;49
03;Oslo;0301;Oslo;0802;Blindern videregående skole;KRF;Kristelig Folkeparti;0,73375;2585;957;7
03;Oslo;0301;Oslo;0802;Blindern videregående skole;MDG;Miljøpartiet De Grønne;8,38574;2585;957;80
03;Oslo;0301;Oslo;0802;Blindern videregående skole;V;Venstre;13,41719;2585;957;128
03;Oslo;0301;Oslo;0802;Blindern videregående skole;H;Høyre;22,53669;2585;957;215
03;Oslo;0301;Oslo;0802;Blindern videregående skole;FRP;Fremskrittspartiet;4,40252;2585;957;42
03;Oslo;0301;Oslo;0802;Blindern videregående skole;AAN;Alliansen - Alternativ for Norge;0,0;2585;957;0
03;Oslo;0301;Oslo;0802;Blindern videregående skole;DEMN;Demokratene;0,0;2585;957;0
03;Oslo;0301;Oslo;0802;Blindern videregående skole;FNB;Folkeaksjonen Nei til mer bompenger;0,10482;2585;957;1
03;Oslo;0301;Oslo;0802;Blindern videregående skole;HELSE;Helsepartiet;0,0;2585;957;0
03;Oslo;0301;Oslo;0802;Blindern videregående skole;INP;Industri- og Næringspartiet;0,0;2585;957;0
03;Oslo;0301;Oslo;0802;Blindern videregående skole;KRISTNE;Partiet De Kristne;0,31447;2585;957;3
03;Oslo;0301;Oslo;0802;Blindern videregående skole;KYST;Kystpartiet;0,0;2585;957;0
03;Oslo;0301;Oslo;0802;Blindern videregående skole;LIBS;Liberalistene;0,31447;2585;957;3
03;Oslo;0301;Oslo;0802;Blindern videregående skole;NKP;Norges Kommunistiske Parti;0,0;2585;957;0
03;Oslo;0301;Oslo;0802;Blindern videregående skole;PIR;Piratpartiet;0,0;2585;957;0
03;Oslo;0301;Oslo;0802;Blindern videregående skole;PP;Pensjonistpartiet;0,0;2585;957;0
03;Oslo;0301;Oslo;0802;Blindern videregående skole;PS;Partiet Sentrum;0,20964;2585;957;2
03;Oslo;0301;Oslo;0802;Blindern videregående skole;BLANKE;Blanke;0,31447;2585;957;3
03;Oslo;0301;Oslo;0802;Blindern videregående skole;FI;Feministisk Initiativ;0,0;2585;957;0
03;Oslo;0301;Oslo;0802;Blindern videregående skole;Andre;Andre;0,9434;2585;957;9
03;Oslo;0301;Oslo;0802;Blindern videregående skole;Andre2;Andre2;0,0;2585;957;0
03;Oslo;0301;Oslo;0803;Kringsjå skole;A;Arbeiderpartiet;23,3677;2836;1171;272
03;Oslo;0301;Oslo;0803;Kringsjå skole;SV;SV - Sosialistisk Venstreparti;11,76976;2836;1171;137
03;Oslo;0301;Oslo;0803;Kringsjå skole;RØDT;Rødt;5,41237;2836;1171;63
03;Oslo;0301;Oslo;0803;Kringsjå skole;SP;Senterpartiet;3,69416;2836;1171;43
03;Oslo;0301;Oslo;0803;Kringsjå skole;KRF;Kristelig Folkeparti;2,49141;2836;1171;29
03;Oslo;0301;Oslo;0803;Kringsjå skole;MDG;Miljøpartiet De Grønne;10,22337;2836;1171;119
03;Oslo;0301;Oslo;0803;Kringsjå skole;V;Venstre;12,8866;2836;1171;150
03;Oslo;0301;Oslo;0803;Kringsjå skole;H;Høyre;23,02405;2836;1171;268
03;Oslo;0301;Oslo;0803;Kringsjå skole;FRP;Fremskrittspartiet;5,15464;2836;1171;60
03;Oslo;0301;Oslo;0803;Kringsjå skole;AAN;Alliansen - Alternativ for Norge;0,0;2836;1171;0
03;Oslo;0301;Oslo;0803;Kringsjå skole;DEMN;Demokratene;0,25773;2836;1171;3
03;Oslo;0301;Oslo;0803;Kringsjå skole;FNB;Folkeaksjonen Nei til mer bompenger;0,0;2836;1171;0
03;Oslo;0301;Oslo;0803;Kringsjå skole;HELSE;Helsepartiet;0,17182;2836;1171;2
03;Oslo;0301;Oslo;0803;Kringsjå skole;INP;Industri- og Næringspartiet;0,08591;2836;1171;1
03;Oslo;0301;Oslo;0803;Kringsjå skole;KRISTNE;Partiet De Kristne;0,25773;2836;1171;3
03;Oslo;0301;Oslo;0803;Kringsjå skole;KYST;Kystpartiet;0,08591;2836;1171;1
03;Oslo;0301;Oslo;0803;Kringsjå skole;LIBS;Liberalistene;0,17182;2836;1171;2
03;Oslo;0301;Oslo;0803;Kringsjå skole;NKP;Norges Kommunistiske Parti;0,08591;2836;1171;1
03;Oslo;0301;Oslo;0803;Kringsjå skole;PIR;Piratpartiet;0,17182;2836;1171;2
03;Oslo;0301;Oslo;0803;Kringsjå skole;PP;Pensjonistpartiet;0,17182;2836;1171;2
03;Oslo;0301;Oslo;0803;Kringsjå skole;PS;Partiet Sentrum;0,51546;2836;1171;6
03;Oslo;0301;Oslo;0803;Kringsjå skole;BLANKE;Blanke;0,60137;2836;1171;7
03;Oslo;0301;Oslo;0803;Kringsjå skole;FI;Feministisk Initiativ;0,0;2836;1171;0
03;Oslo;0301;Oslo;0803;Kringsjå skole;Andre;Andre;1,97595;2836;1171;23
03;Oslo;0301;Oslo;0803;Kringsjå skole;Andre2;Andre2;0,0;2836;1171;0
03;Oslo;0301;Oslo;0804;Korsvoll skole;A;Arbeiderpartiet;21,87141;3788;1745;381
03;Oslo;0301;Oslo;0804;Korsvoll skole;SV;SV - Sosialistisk Venstreparti;9,35706;3788;1745;163
03;Oslo;0301;Oslo;0804;Korsvoll skole;RØDT;Rødt;3,67394;3788;1745;64
03;Oslo;0301;Oslo;0804;Korsvoll skole;SP;Senterpartiet;2,58324;3788;1745;45
03;Oslo;0301;Oslo;0804;Korsvoll skole;KRF;Kristelig Folkeparti;2,29621;3788;1745;40
03;Oslo;0301;Oslo;0804;Korsvoll skole;MDG;Miljøpartiet De Grønne;7,5775;3788;1745;132
03;Oslo;0301;Oslo;0804;Korsvoll skole;V;Venstre;15,78645;3788;1745;275
03;Oslo;0301;Oslo;0804;Korsvoll skole;H;Høyre;28,53042;3788;1745;497
03;Oslo;0301;Oslo;0804;Korsvoll skole;FRP;Fremskrittspartiet;6,08496;3788;1745;106
03;Oslo;0301;Oslo;0804;Korsvoll skole;AAN;Alliansen - Alternativ for Norge;0,05741;3788;1745;1
03;Oslo;0301;Oslo;0804;Korsvoll skole;DEMN;Demokratene;0,80367;3788;1745;14
03;Oslo;0301;Oslo;0804;Korsvoll skole;FNB;Folkeaksjonen Nei til mer bompenger;0,11481;3788;1745;2
03;Oslo;0301;Oslo;0804;Korsvoll skole;HELSE;Helsepartiet;0,11481;3788;1745;2
03;Oslo;0301;Oslo;0804;Korsvoll skole;INP;Industri- og Næringspartiet;0,05741;3788;1745;1
03;Oslo;0301;Oslo;0804;Korsvoll skole;KRISTNE;Partiet De Kristne;0,17222;3788;1745;3
03;Oslo;0301;Oslo;0804;Korsvoll skole;KYST;Kystpartiet;0,0;3788;1745;0
03;Oslo;0301;Oslo;0804;Korsvoll skole;LIBS;Liberalistene;0,17222;3788;1745;3
03;Oslo;0301;Oslo;0804;Korsvoll skole;NKP;Norges Kommunistiske Parti;0,0;3788;1745;0
03;Oslo;0301;Oslo;0804;Korsvoll skole;PIR;Piratpartiet;0,22962;3788;1745;4
03;Oslo;0301;Oslo;0804;Korsvoll skole;PP;Pensjonistpartiet;0,05741;3788;1745;1
03;Oslo;0301;Oslo;0804;Korsvoll skole;PS;Partiet Sentrum;0,40184;3788;1745;7
03;Oslo;0301;Oslo;0804;Korsvoll skole;BLANKE;Blanke;0,17222;3788;1745;3
03;Oslo;0301;Oslo;0804;Korsvoll skole;FI;Feministisk Initiativ;0,05741;3788;1745;1
03;Oslo;0301;Oslo;0804;Korsvoll skole;Andre;Andre;2,23881;3788;1745;39
03;Oslo;0301;Oslo;0804;Korsvoll skole;Andre2;Andre2;0,0;3788;1745;0
03;Oslo;0301;Oslo;0805;Tåsen skole;A;Arbeiderpartiet;21,89986;4950;2142;468
03;Oslo;0301;Oslo;0805;Tåsen skole;SV;SV - Sosialistisk Venstreparti;10,20122;4950;2142;218
03;Oslo;0301;Oslo;0805;Tåsen skole;RØDT;Rødt;5,00702;4950;2142;107
03;Oslo;0301;Oslo;0805;Tåsen skole;SP;Senterpartiet;3,36921;4950;2142;72
03;Oslo;0301;Oslo;0805;Tåsen skole;KRF;Kristelig Folkeparti;1,49743;4950;2142;32
03;Oslo;0301;Oslo;0805;Tåsen skole;MDG;Miljøpartiet De Grønne;9,26533;4950;2142;198
03;Oslo;0301;Oslo;0805;Tåsen skole;V;Venstre;16,47169;4950;2142;352
03;Oslo;0301;Oslo;0805;Tåsen skole;H;Høyre;25,31586;4950;2142;541
03;Oslo;0301;Oslo;0805;Tåsen skole;FRP;Fremskrittspartiet;5,47496;4950;2142;117
03;Oslo;0301;Oslo;0805;Tåsen skole;AAN;Alliansen - Alternativ for Norge;0,04679;4950;2142;1
03;Oslo;0301;Oslo;0805;Tåsen skole;DEMN;Demokratene;0,37436;4950;2142;8
03;Oslo;0301;Oslo;0805;Tåsen skole;FNB;Folkeaksjonen Nei til mer bompenger;0,18718;4950;2142;4
03;Oslo;0301;Oslo;0805;Tåsen skole;HELSE;Helsepartiet;0,14038;4950;2142;3
03;Oslo;0301;Oslo;0805;Tåsen skole;INP;Industri- og Næringspartiet;0,0;4950;2142;0
03;Oslo;0301;Oslo;0805;Tåsen skole;KRISTNE;Partiet De Kristne;0,09359;4950;2142;2
03;Oslo;0301;Oslo;0805;Tåsen skole;KYST;Kystpartiet;0,0;4950;2142;0
03;Oslo;0301;Oslo;0805;Tåsen skole;LIBS;Liberalistene;0,23397;4950;2142;5
03;Oslo;0301;Oslo;0805;Tåsen skole;NKP;Norges Kommunistiske Parti;0,0;4950;2142;0
03;Oslo;0301;Oslo;0805;Tåsen skole;PIR;Piratpartiet;0,18718;4950;2142;4
03;Oslo;0301;Oslo;0805;Tåsen skole;PP;Pensjonistpartiet;0,09359;4950;2142;2
03;Oslo;0301;Oslo;0805;Tåsen skole;PS;Partiet Sentrum;0,14038;4950;2142;3
03;Oslo;0301;Oslo;0805;Tåsen skole;BLANKE;Blanke;0,23397;4950;2142;5
03;Oslo;0301;Oslo;0805;Tåsen skole;FI;Feministisk Initiativ;0,0;4950;2142;0
03;Oslo;0301;Oslo;0805;Tåsen skole;Andre;Andre;1,49743;4950;2142;32
03;Oslo;0301;Oslo;0805;Tåsen skole;Andre2;Andre2;0,0;4950;2142;0
03;Oslo;0301;Oslo;0806;Kjelsås skole;A;Arbeiderpartiet;25,66241;4372;2045;523
03;Oslo;0301;Oslo;0806;Kjelsås skole;SV;SV - Sosialistisk Venstreparti;9,51914;4372;2045;194
03;Oslo;0301;Oslo;0806;Kjelsås skole;RØDT;Rødt;6,28067;4372;2045;128
03;Oslo;0301;Oslo;0806;Kjelsås skole;SP;Senterpartiet;3,3366;4372;2045;68
03;Oslo;0301;Oslo;0806;Kjelsås skole;KRF;Kristelig Folkeparti;1,57017;4372;2045;32
03;Oslo;0301;Oslo;0806;Kjelsås skole;MDG;Miljøpartiet De Grønne;9,07753;4372;2045;185
03;Oslo;0301;Oslo;0806;Kjelsås skole;V;Venstre;12,21786;4372;2045;249
03;Oslo;0301;Oslo;0806;Kjelsås skole;H;Høyre;24,82826;4372;2045;506
03;Oslo;0301;Oslo;0806;Kjelsås skole;FRP;Fremskrittspartiet;6,13346;4372;2045;125
03;Oslo;0301;Oslo;0806;Kjelsås skole;AAN;Alliansen - Alternativ for Norge;0,04907;4372;2045;1
03;Oslo;0301;Oslo;0806;Kjelsås skole;DEMN;Demokratene;0,78508;4372;2045;16
03;Oslo;0301;Oslo;0806;Kjelsås skole;FNB;Folkeaksjonen Nei til mer bompenger;0,04907;4372;2045;1
03;Oslo;0301;Oslo;0806;Kjelsås skole;HELSE;Helsepartiet;0,0;4372;2045;0
03;Oslo;0301;Oslo;0806;Kjelsås skole;INP;Industri- og Næringspartiet;0,0;4372;2045;0
03;Oslo;0301;Oslo;0806;Kjelsås skole;KRISTNE;Partiet De Kristne;0,04907;4372;2045;1
03;Oslo;0301;Oslo;0806;Kjelsås skole;KYST;Kystpartiet;0,04907;4372;2045;1
03;Oslo;0301;Oslo;0806;Kjelsås skole;LIBS;Liberalistene;0,0;4372;2045;0
03;Oslo;0301;Oslo;0806;Kjelsås skole;NKP;Norges Kommunistiske Parti;0,0;4372;2045;0
03;Oslo;0301;Oslo;0806;Kjelsås skole;PIR;Piratpartiet;0,04907;4372;2045;1
03;Oslo;0301;Oslo;0806;Kjelsås skole;PP;Pensjonistpartiet;0,09814;4372;2045;2
03;Oslo;0301;Oslo;0806;Kjelsås skole;PS;Partiet Sentrum;0,19627;4372;2045;4
03;Oslo;0301;Oslo;0806;Kjelsås skole;BLANKE;Blanke;0,34347;4372;2045;7
03;Oslo;0301;Oslo;0806;Kjelsås skole;FI;Feministisk Initiativ;0,04907;4372;2045;1
03;Oslo;0301;Oslo;0806;Kjelsås skole;Andre;Andre;1,3739;4372;2045;28
03;Oslo;0301;Oslo;0806;Kjelsås skole;Andre2;Andre2;0,0;4372;2045;0
03;Oslo;0301;Oslo;0807;Engebråten skole;A;Arbeiderpartiet;27,76452;2434;1260;349
03;Oslo;0301;Oslo;0807;Engebråten skole;SV;SV - Sosialistisk Venstreparti;10,18298;2434;1260;128
03;Oslo;0301;Oslo;0807;Engebråten skole;RØDT;Rødt;3,73906;2434;1260;47
03;Oslo;0301;Oslo;0807;Engebråten skole;SP;Senterpartiet;3,5004;2434;1260;44
03;Oslo;0301;Oslo;0807;Engebråten skole;KRF;Kristelig Folkeparti;1,43198;2434;1260;18
03;Oslo;0301;Oslo;0807;Engebråten skole;MDG;Miljøpartiet De Grønne;8,75099;2434;1260;110
03;Oslo;0301;Oslo;0807;Engebråten skole;V;Venstre;11,13763;2434;1260;140
03;Oslo;0301;Oslo;0807;Engebråten skole;H;Høyre;26,73031;2434;1260;336
03;Oslo;0301;Oslo;0807;Engebråten skole;FRP;Fremskrittspartiet;4,93238;2434;1260;62
03;Oslo;0301;Oslo;0807;Engebråten skole;AAN;Alliansen - Alternativ for Norge;0,0;2434;1260;0
03;Oslo;0301;Oslo;0807;Engebråten skole;DEMN;Demokratene;0,95465;2434;1260;12
03;Oslo;0301;Oslo;0807;Engebråten skole;FNB;Folkeaksjonen Nei til mer bompenger;0,0;2434;1260;0
03;Oslo;0301;Oslo;0807;Engebråten skole;HELSE;Helsepartiet;0,15911;2434;1260;2
03;Oslo;0301;Oslo;0807;Engebråten skole;INP;Industri- og Næringspartiet;0,0;2434;1260;0
03;Oslo;0301;Oslo;0807;Engebråten skole;KRISTNE;Partiet De Kristne;0,07955;2434;1260;1
03;Oslo;0301;Oslo;0807;Engebråten skole;KYST;Kystpartiet;0,0;2434;1260;0
03;Oslo;0301;Oslo;0807;Engebråten skole;LIBS;Liberalistene;0,07955;2434;1260;1
03;Oslo;0301;Oslo;0807;Engebråten skole;NKP;Norges Kommunistiske Parti;0,0;2434;1260;0
03;Oslo;0301;Oslo;0807;Engebråten skole;PIR;Piratpartiet;0,0;2434;1260;0
03;Oslo;0301;Oslo;0807;Engebråten skole;PP;Pensjonistpartiet;0,15911;2434;1260;2
03;Oslo;0301;Oslo;0807;Engebråten skole;PS;Partiet Sentrum;0,23866;2434;1260;3
03;Oslo;0301;Oslo;0807;Engebråten skole;BLANKE;Blanke;0,23866;2434;1260;3
03;Oslo;0301;Oslo;0807;Engebråten skole;FI;Feministisk Initiativ;0,15911;2434;1260;2
03;Oslo;0301;Oslo;0807;Engebråten skole;Andre;Andre;1,82975;2434;1260;23
03;Oslo;0301;Oslo;0807;Engebråten skole;Andre2;Andre2;0,0;2434;1260;0
03;Oslo;0301;Oslo;0808;Morellbakken skole;A;Arbeiderpartiet;22,42857;5238;1403;314
03;Oslo;0301;Oslo;0808;Morellbakken skole;SV;SV - Sosialistisk Venstreparti;8,0;5238;1403;112
03;Oslo;0301;Oslo;0808;Morellbakken skole;RØDT;Rødt;5,71429;5238;1403;80
03;Oslo;0301;Oslo;0808;Morellbakken skole;SP;Senterpartiet;4,42857;5238;1403;62
03;Oslo;0301;Oslo;0808;Morellbakken skole;KRF;Kristelig Folkeparti;2,64286;5238;1403;37
03;Oslo;0301;Oslo;0808;Morellbakken skole;MDG;Miljøpartiet De Grønne;4,64286;5238;1403;65
03;Oslo;0301;Oslo;0808;Morellbakken skole;V;Venstre;12,78571;5238;1403;179
03;Oslo;0301;Oslo;0808;Morellbakken skole;H;Høyre;29,5;5238;1403;413
03;Oslo;0301;Oslo;0808;Morellbakken skole;FRP;Fremskrittspartiet;8,14286;5238;1403;114
03;Oslo;0301;Oslo;0808;Morellbakken skole;AAN;Alliansen - Alternativ for Norge;0,0;5238;1403;0
03;Oslo;0301;Oslo;0808;Morellbakken skole;DEMN;Demokratene;0,78571;5238;1403;11
03;Oslo;0301;Oslo;0808;Morellbakken skole;FNB;Folkeaksjonen Nei til mer bompenger;0,21429;5238;1403;3
03;Oslo;0301;Oslo;0808;Morellbakken skole;HELSE;Helsepartiet;0,21429;5238;1403;3
03;Oslo;0301;Oslo;0808;Morellbakken skole;INP;Industri- og Næringspartiet;0,07143;5238;1403;1
03;Oslo;0301;Oslo;0808;Morellbakken skole;KRISTNE;Partiet De Kristne;0,0;5238;1403;0
03;Oslo;0301;Oslo;0808;Morellbakken skole;KYST;Kystpartiet;0,0;5238;1403;0
03;Oslo;0301;Oslo;0808;Morellbakken skole;LIBS;Liberalistene;0,0;5238;1403;0
03;Oslo;0301;Oslo;0808;Morellbakken skole;NKP;Norges Kommunistiske Parti;0,0;5238;1403;0
03;Oslo;0301;Oslo;0808;Morellbakken skole;PIR;Piratpartiet;0,21429;5238;1403;3
03;Oslo;0301;Oslo;0808;Morellbakken skole;PP;Pensjonistpartiet;0,14286;5238;1403;2
03;Oslo;0301;Oslo;0808;Morellbakken skole;PS;Partiet Sentrum;0,07143;5238;1403;1
03;Oslo;0301;Oslo;0808;Morellbakken skole;BLANKE;Blanke;0,21429;5238;1403;3
03;Oslo;0301;Oslo;0808;Morellbakken skole;FI;Feministisk Initiativ;0,0;5238;1403;0
03;Oslo;0301;Oslo;0808;Morellbakken skole;Andre;Andre;1,71429;5238;1403;24
03;Oslo;0301;Oslo;0808;Morellbakken skole;Andre2;Andre2;0,0;5238;1403;0
03;Oslo;0301;Oslo;0809;Disen skole;A;Arbeiderpartiet;24,26901;2952;1372;332
03;Oslo;0301;Oslo;0809;Disen skole;SV;SV - Sosialistisk Venstreparti;9,06433;2952;1372;124
03;Oslo;0301;Oslo;0809;Disen skole;RØDT;Rødt;4,53216;2952;1372;62
03;Oslo;0301;Oslo;0809;Disen skole;SP;Senterpartiet;2,99708;2952;1372;41
03;Oslo;0301;Oslo;0809;Disen skole;KRF;Kristelig Folkeparti;3,50877;2952;1372;48
03;Oslo;0301;Oslo;0809;Disen skole;MDG;Miljøpartiet De Grønne;6,57895;2952;1372;90
03;Oslo;0301;Oslo;0809;Disen skole;V;Venstre;11,11111;2952;1372;152
03;Oslo;0301;Oslo;0809;Disen skole;H;Høyre;28,94737;2952;1372;396
03;Oslo;0301;Oslo;0809;Disen skole;FRP;Fremskrittspartiet;6,79825;2952;1372;93
03;Oslo;0301;Oslo;0809;Disen skole;AAN;Alliansen - Alternativ for Norge;0,0;2952;1372;0
03;Oslo;0301;Oslo;0809;Disen skole;DEMN;Demokratene;0,87719;2952;1372;12
03;Oslo;0301;Oslo;0809;Disen skole;FNB;Folkeaksjonen Nei til mer bompenger;0,0731;2952;1372;1
03;Oslo;0301;Oslo;0809;Disen skole;HELSE;Helsepartiet;0,0731;2952;1372;1
03;Oslo;0301;Oslo;0809;Disen skole;INP;Industri- og Næringspartiet;0,0731;2952;1372;1
03;Oslo;0301;Oslo;0809;Disen skole;KRISTNE;Partiet De Kristne;0,1462;2952;1372;2
03;Oslo;0301;Oslo;0809;Disen skole;KYST;Kystpartiet;0,0;2952;1372;0
03;Oslo;0301;Oslo;0809;Disen skole;LIBS;Liberalistene;0,2924;2952;1372;4
03;Oslo;0301;Oslo;0809;Disen skole;NKP;Norges Kommunistiske Parti;0,0;2952;1372;0
03;Oslo;0301;Oslo;0809;Disen skole;PIR;Piratpartiet;0,0731;2952;1372;1
03;Oslo;0301;Oslo;0809;Disen skole;PP;Pensjonistpartiet;0,3655;2952;1372;5
03;Oslo;0301;Oslo;0809;Disen skole;PS;Partiet Sentrum;0,2193;2952;1372;3
03;Oslo;0301;Oslo;0809;Disen skole;BLANKE;Blanke;0,2924;2952;1372;4
03;Oslo;0301;Oslo;0809;Disen skole;FI;Feministisk Initiativ;0,0;2952;1372;0
03;Oslo;0301;Oslo;0809;Disen skole;Andre;Andre;2,19298;2952;1372;30
03;Oslo;0301;Oslo;0809;Disen skole;Andre2;Andre2;0,0;2952;1372;0
03;Oslo;0301;Oslo;0810;Skeidhuset;A;Arbeiderpartiet;27,87565;2226;968;269
03;Oslo;0301;Oslo;0810;Skeidhuset;SV;SV - Sosialistisk Venstreparti;10,05181;2226;968;97
03;Oslo;0301;Oslo;0810;Skeidhuset;RØDT;Rødt;5,69948;2226;968;55
03;Oslo;0301;Oslo;0810;Skeidhuset;SP;Senterpartiet;2,59067;2226;968;25
03;Oslo;0301;Oslo;0810;Skeidhuset;KRF;Kristelig Folkeparti;1,45078;2226;968;14
03;Oslo;0301;Oslo;0810;Skeidhuset;MDG;Miljøpartiet De Grønne;6,83938;2226;968;66
03;Oslo;0301;Oslo;0810;Skeidhuset;V;Venstre;10,05181;2226;968;97
03;Oslo;0301;Oslo;0810;Skeidhuset;H;Høyre;25,59585;2226;968;247
03;Oslo;0301;Oslo;0810;Skeidhuset;FRP;Fremskrittspartiet;7,66839;2226;968;74
03;Oslo;0301;Oslo;0810;Skeidhuset;AAN;Alliansen - Alternativ for Norge;0,31088;2226;968;3
03;Oslo;0301;Oslo;0810;Skeidhuset;DEMN;Demokratene;0,72539;2226;968;7
03;Oslo;0301;Oslo;0810;Skeidhuset;FNB;Folkeaksjonen Nei til mer bompenger;0,20725;2226;968;2
03;Oslo;0301;Oslo;0810;Skeidhuset;HELSE;Helsepartiet;0,0;2226;968;0
03;Oslo;0301;Oslo;0810;Skeidhuset;INP;Industri- og Næringspartiet;0,0;2226;968;0
03;Oslo;0301;Oslo;0810;Skeidhuset;KRISTNE;Partiet De Kristne;0,20725;2226;968;2
03;Oslo;0301;Oslo;0810;Skeidhuset;KYST;Kystpartiet;0,0;2226;968;0
03;Oslo;0301;Oslo;0810;Skeidhuset;LIBS;Liberalistene;0,10363;2226;968;1
03;Oslo;0301;Oslo;0810;Skeidhuset;NKP;Norges Kommunistiske Parti;0,0;2226;968;0
03;Oslo;0301;Oslo;0810;Skeidhuset;PIR;Piratpartiet;0,0;2226;968;0
03;Oslo;0301;Oslo;0810;Skeidhuset;PP;Pensjonistpartiet;0,41451;2226;968;4
03;Oslo;0301;Oslo;0810;Skeidhuset;PS;Partiet Sentrum;0,20725;2226;968;2
03;Oslo;0301;Oslo;0810;Skeidhuset;BLANKE;Blanke;0,31088;2226;968;3
03;Oslo;0301;Oslo;0810;Skeidhuset;FI;Feministisk Initiativ;0,0;2226;968;0
03;Oslo;0301;Oslo;0810;Skeidhuset;Andre;Andre;2,17617;2226;968;21
03;Oslo;0301;Oslo;0810;Skeidhuset;Andre2;Andre2;0,0;2226;968;0
03;Oslo;0301;Oslo;1702;Maridalen skole;A;Arbeiderpartiet;23,18841;468;347;80
03;Oslo;0301;Oslo;1702;Maridalen skole;SV;SV - Sosialistisk Venstreparti;12,17391;468;347;42
03;Oslo;0301;Oslo;1702;Maridalen skole;RØDT;Rødt;7,24638;468;347;25
03;Oslo;0301;Oslo;1702;Maridalen skole;SP;Senterpartiet;11,01449;468;347;38
03;Oslo;0301;Oslo;1702;Maridalen skole;KRF;Kristelig Folkeparti;0,57971;468;347;2
03;Oslo;0301;Oslo;1702;Maridalen skole;MDG;Miljøpartiet De Grønne;6,95652;468;347;24
03;Oslo;0301;Oslo;1702;Maridalen skole;V;Venstre;7,82609;468;347;27
03;Oslo;0301;Oslo;1702;Maridalen skole;H;Høyre;21,15942;468;347;73
03;Oslo;0301;Oslo;1702;Maridalen skole;FRP;Fremskrittspartiet;7,53623;468;347;26
03;Oslo;0301;Oslo;1702;Maridalen skole;AAN;Alliansen - Alternativ for Norge;0,28986;468;347;1
03;Oslo;0301;Oslo;1702;Maridalen skole;DEMN;Demokratene;0,86957;468;347;3
03;Oslo;0301;Oslo;1702;Maridalen skole;FNB;Folkeaksjonen Nei til mer bompenger;0,86957;468;347;3
03;Oslo;0301;Oslo;1702;Maridalen skole;HELSE;Helsepartiet;0,0;468;347;0
03;Oslo;0301;Oslo;1702;Maridalen skole;INP;Industri- og Næringspartiet;0,0;468;347;0
03;Oslo;0301;Oslo;1702;Maridalen skole;KRISTNE;Partiet De Kristne;0,0;468;347;0
03;Oslo;0301;Oslo;1702;Maridalen skole;KYST;Kystpartiet;0,0;468;347;0
03;Oslo;0301;Oslo;1702;Maridalen skole;LIBS;Liberalistene;0,0;468;347;0
03;Oslo;0301;Oslo;1702;Maridalen skole;NKP;Norges Kommunistiske Parti;0,0;468;347;0
03;Oslo;0301;Oslo;1702;Maridalen skole;PIR;Piratpartiet;0,0;468;347;0
03;Oslo;0301;Oslo;1702;Maridalen skole;PP;Pensjonistpartiet;0,28986;468;347;1
03;Oslo;0301;Oslo;1702;Maridalen skole;PS;Partiet Sentrum;0,0;468;347;0
03;Oslo;0301;Oslo;1702;Maridalen skole;BLANKE;Blanke;0,57971;468;347;2
03;Oslo;0301;Oslo;1702;Maridalen skole;FI;Feministisk Initiativ;0,0;468;347;0
03;Oslo;0301;Oslo;1702;Maridalen skole;Andre;Andre;2,31884;468;347;8
03;Oslo;0301;Oslo;1702;Maridalen skole;Andre2;Andre2;0,0;468;347;0
03;Oslo;0301;Oslo;0901;Løren skole;A;Arbeiderpartiet;30,19378;7551;2233;670
03;Oslo;0301;Oslo;0901;Løren skole;SV;SV - Sosialistisk Venstreparti;11,53673;7551;2233;256
03;Oslo;0301;Oslo;0901;Løren skole;RØDT;Rødt;5,49797;7551;2233;122
03;Oslo;0301;Oslo;0901;Løren skole;SP;Senterpartiet;3,01938;7551;2233;67
03;Oslo;0301;Oslo;0901;Løren skole;KRF;Kristelig Folkeparti;2,07301;7551;2233;46
03;Oslo;0301;Oslo;0901;Løren skole;MDG;Miljøpartiet De Grønne;6,94006;7551;2233;154
03;Oslo;0301;Oslo;0901;Løren skole;V;Venstre;10,45516;7551;2233;232
03;Oslo;0301;Oslo;0901;Løren skole;H;Høyre;22,30735;7551;2233;495
03;Oslo;0301;Oslo;0901;Løren skole;FRP;Fremskrittspartiet;6,03876;7551;2233;134
03;Oslo;0301;Oslo;0901;Løren skole;AAN;Alliansen - Alternativ for Norge;0,0;7551;2233;0
03;Oslo;0301;Oslo;0901;Løren skole;DEMN;Demokratene;0,49572;7551;2233;11
03;Oslo;0301;Oslo;0901;Løren skole;FNB;Folkeaksjonen Nei til mer bompenger;0,49572;7551;2233;11
03;Oslo;0301;Oslo;0901;Løren skole;HELSE;Helsepartiet;0,04507;7551;2233;1
03;Oslo;0301;Oslo;0901;Løren skole;INP;Industri- og Næringspartiet;0,04507;7551;2233;1
03;Oslo;0301;Oslo;0901;Løren skole;KRISTNE;Partiet De Kristne;0,18026;7551;2233;4
03;Oslo;0301;Oslo;0901;Løren skole;KYST;Kystpartiet;0,0;7551;2233;0
03;Oslo;0301;Oslo;0901;Løren skole;LIBS;Liberalistene;0,27039;7551;2233;6
03;Oslo;0301;Oslo;0901;Løren skole;NKP;Norges Kommunistiske Parti;0,04507;7551;2233;1
03;Oslo;0301;Oslo;0901;Løren skole;PIR;Piratpartiet;0,1352;7551;2233;3
03;Oslo;0301;Oslo;0901;Løren skole;PP;Pensjonistpartiet;0,04507;7551;2233;1
03;Oslo;0301;Oslo;0901;Løren skole;PS;Partiet Sentrum;0,18026;7551;2233;4
03;Oslo;0301;Oslo;0901;Løren skole;BLANKE;Blanke;0,63091;7551;2233;14
03;Oslo;0301;Oslo;0901;Løren skole;FI;Feministisk Initiativ;0,0;7551;2233;0
03;Oslo;0301;Oslo;0901;Løren skole;Andre;Andre;1,93781;7551;2233;43
03;Oslo;0301;Oslo;0901;Løren skole;Andre2;Andre2;0,0;7551;2233;0
03;Oslo;0301;Oslo;0902;Årvoll skole;A;Arbeiderpartiet;30,05115;4884;1569;470
03;Oslo;0301;Oslo;0902;Årvoll skole;SV;SV - Sosialistisk Venstreparti;12,46803;4884;1569;195
03;Oslo;0301;Oslo;0902;Årvoll skole;RØDT;Rødt;7,48082;4884;1569;117
03;Oslo;0301;Oslo;0902;Årvoll skole;SP;Senterpartiet;4,4757;4884;1569;70
03;Oslo;0301;Oslo;0902;Årvoll skole;KRF;Kristelig Folkeparti;1,85422;4884;1569;29
03;Oslo;0301;Oslo;0902;Årvoll skole;MDG;Miljøpartiet De Grønne;7,67263;4884;1569;120
03;Oslo;0301;Oslo;0902;Årvoll skole;V;Venstre;7,73657;4884;1569;121
03;Oslo;0301;Oslo;0902;Årvoll skole;H;Høyre;20,26854;4884;1569;317
03;Oslo;0301;Oslo;0902;Årvoll skole;FRP;Fremskrittspartiet;6,52174;4884;1569;102
03;Oslo;0301;Oslo;0902;Årvoll skole;AAN;Alliansen - Alternativ for Norge;0,06394;4884;1569;1
03;Oslo;0301;Oslo;0902;Årvoll skole;DEMN;Demokratene;0,31969;4884;1569;5
03;Oslo;0301;Oslo;0902;Årvoll skole;FNB;Folkeaksjonen Nei til mer bompenger;0,25575;4884;1569;4
03;Oslo;0301;Oslo;0902;Årvoll skole;HELSE;Helsepartiet;0,12788;4884;1569;2
03;Oslo;0301;Oslo;0902;Årvoll skole;INP;Industri- og Næringspartiet;0,06394;4884;1569;1
03;Oslo;0301;Oslo;0902;Årvoll skole;KRISTNE;Partiet De Kristne;0,0;4884;1569;0
03;Oslo;0301;Oslo;0902;Årvoll skole;KYST;Kystpartiet;0,0;4884;1569;0
03;Oslo;0301;Oslo;0902;Årvoll skole;LIBS;Liberalistene;0,25575;4884;1569;4
03;Oslo;0301;Oslo;0902;Årvoll skole;NKP;Norges Kommunistiske Parti;0,0;4884;1569;0
03;Oslo;0301;Oslo;0902;Årvoll skole;PIR;Piratpartiet;0,06394;4884;1569;1
03;Oslo;0301;Oslo;0902;Årvoll skole;PP;Pensjonistpartiet;0,06394;4884;1569;1
03;Oslo;0301;Oslo;0902;Årvoll skole;PS;Partiet Sentrum;0,25575;4884;1569;4
03;Oslo;0301;Oslo;0902;Årvoll skole;BLANKE;Blanke;0,31969;4884;1569;5
03;Oslo;0301;Oslo;0902;Årvoll skole;FI;Feministisk Initiativ;0,0;4884;1569;0
03;Oslo;0301;Oslo;0902;Årvoll skole;Andre;Andre;1,47059;4884;1569;23
03;Oslo;0301;Oslo;0902;Årvoll skole;Andre2;Andre2;0,0;4884;1569;0
03;Oslo;0301;Oslo;0903;Tonsenhagen skole;A;Arbeiderpartiet;27,20812;2550;990;268
03;Oslo;0301;Oslo;0903;Tonsenhagen skole;SV;SV - Sosialistisk Venstreparti;14,31472;2550;990;141
03;Oslo;0301;Oslo;0903;Tonsenhagen skole;RØDT;Rødt;8,83249;2550;990;87
03;Oslo;0301;Oslo;0903;Tonsenhagen skole;SP;Senterpartiet;6,90355;2550;990;68
03;Oslo;0301;Oslo;0903;Tonsenhagen skole;KRF;Kristelig Folkeparti;2,43655;2550;990;24
03;Oslo;0301;Oslo;0903;Tonsenhagen skole;MDG;Miljøpartiet De Grønne;6,70051;2550;990;66
03;Oslo;0301;Oslo;0903;Tonsenhagen skole;V;Venstre;8,22335;2550;990;81
03;Oslo;0301;Oslo;0903;Tonsenhagen skole;H;Høyre;15,02538;2550;990;148
03;Oslo;0301;Oslo;0903;Tonsenhagen skole;FRP;Fremskrittspartiet;7,71574;2550;990;76
03;Oslo;0301;Oslo;0903;Tonsenhagen skole;AAN;Alliansen - Alternativ for Norge;0,10152;2550;990;1
03;Oslo;0301;Oslo;0903;Tonsenhagen skole;DEMN;Demokratene;0,91371;2550;990;9
03;Oslo;0301;Oslo;0903;Tonsenhagen skole;FNB;Folkeaksjonen Nei til mer bompenger;0,40609;2550;990;4
03;Oslo;0301;Oslo;0903;Tonsenhagen skole;HELSE;Helsepartiet;0,10152;2550;990;1
03;Oslo;0301;Oslo;0903;Tonsenhagen skole;INP;Industri- og Næringspartiet;0,10152;2550;990;1
03;Oslo;0301;Oslo;0903;Tonsenhagen skole;KRISTNE;Partiet De Kristne;0,0;2550;990;0
03;Oslo;0301;Oslo;0903;Tonsenhagen skole;KYST;Kystpartiet;0,0;2550;990;0
03;Oslo;0301;Oslo;0903;Tonsenhagen skole;LIBS;Liberalistene;0,0;2550;990;0
03;Oslo;0301;Oslo;0903;Tonsenhagen skole;NKP;Norges Kommunistiske Parti;0,0;2550;990;0
03;Oslo;0301;Oslo;0903;Tonsenhagen skole;PIR;Piratpartiet;0,0;2550;990;0
03;Oslo;0301;Oslo;0903;Tonsenhagen skole;PP;Pensjonistpartiet;0,30457;2550;990;3
03;Oslo;0301;Oslo;0903;Tonsenhagen skole;PS;Partiet Sentrum;0,50761;2550;990;5
03;Oslo;0301;Oslo;0903;Tonsenhagen skole;BLANKE;Blanke;0,50761;2550;990;5
03;Oslo;0301;Oslo;0903;Tonsenhagen skole;FI;Feministisk Initiativ;0,20305;2550;990;2
03;Oslo;0301;Oslo;0903;Tonsenhagen skole;Andre;Andre;2,63959;2550;990;26
03;Oslo;0301;Oslo;0903;Tonsenhagen skole;Andre2;Andre2;0,0;2550;990;0
03;Oslo;0301;Oslo;0904;Linderud skole;A;Arbeiderpartiet;36,19764;3038;944;337
03;Oslo;0301;Oslo;0904;Linderud skole;SV;SV - Sosialistisk Venstreparti;15,78947;3038;944;147
03;Oslo;0301;Oslo;0904;Linderud skole;RØDT;Rødt;11,06337;3038;944;103
03;Oslo;0301;Oslo;0904;Linderud skole;SP;Senterpartiet;3,7594;3038;944;35
03;Oslo;0301;Oslo;0904;Linderud skole;KRF;Kristelig Folkeparti;1,50376;3038;944;14
03;Oslo;0301;Oslo;0904;Linderud skole;MDG;Miljøpartiet De Grønne;5,58539;3038;944;52
03;Oslo;0301;Oslo;0904;Linderud skole;V;Venstre;5,58539;3038;944;52
03;Oslo;0301;Oslo;0904;Linderud skole;H;Høyre;11,49302;3038;944;107
03;Oslo;0301;Oslo;0904;Linderud skole;FRP;Fremskrittspartiet;5,47798;3038;944;51
03;Oslo;0301;Oslo;0904;Linderud skole;AAN;Alliansen - Alternativ for Norge;0,0;3038;944;0
03;Oslo;0301;Oslo;0904;Linderud skole;DEMN;Demokratene;0,42965;3038;944;4
03;Oslo;0301;Oslo;0904;Linderud skole;FNB;Folkeaksjonen Nei til mer bompenger;1,07411;3038;944;10
03;Oslo;0301;Oslo;0904;Linderud skole;HELSE;Helsepartiet;0,10741;3038;944;1
03;Oslo;0301;Oslo;0904;Linderud skole;INP;Industri- og Næringspartiet;0,21482;3038;944;2
03;Oslo;0301;Oslo;0904;Linderud skole;KRISTNE;Partiet De Kristne;0,21482;3038;944;2
03;Oslo;0301;Oslo;0904;Linderud skole;KYST;Kystpartiet;0,0;3038;944;0
03;Oslo;0301;Oslo;0904;Linderud skole;LIBS;Liberalistene;0,0;3038;944;0
03;Oslo;0301;Oslo;0904;Linderud skole;NKP;Norges Kommunistiske Parti;0,0;3038;944;0
03;Oslo;0301;Oslo;0904;Linderud skole;PIR;Piratpartiet;0,21482;3038;944;2
03;Oslo;0301;Oslo;0904;Linderud skole;PP;Pensjonistpartiet;0,21482;3038;944;2
03;Oslo;0301;Oslo;0904;Linderud skole;PS;Partiet Sentrum;1,07411;3038;944;10
03;Oslo;0301;Oslo;0904;Linderud skole;BLANKE;Blanke;1,39635;3038;944;13
03;Oslo;0301;Oslo;0904;Linderud skole;FI;Feministisk Initiativ;0,0;3038;944;0
03;Oslo;0301;Oslo;0904;Linderud skole;Andre;Andre;3,54458;3038;944;33
03;Oslo;0301;Oslo;0904;Linderud skole;Andre2;Andre2;0,0;3038;944;0
03;Oslo;0301;Oslo;0905;Veitvet skole;A;Arbeiderpartiet;39,24485;3834;877;343
03;Oslo;0301;Oslo;0905;Veitvet skole;SV;SV - Sosialistisk Venstreparti;17,04805;3834;877;149
03;Oslo;0301;Oslo;0905;Veitvet skole;RØDT;Rødt;11,32723;3834;877;99
03;Oslo;0301;Oslo;0905;Veitvet skole;SP;Senterpartiet;4,00458;3834;877;35
03;Oslo;0301;Oslo;0905;Veitvet skole;KRF;Kristelig Folkeparti;2,0595;3834;877;18
03;Oslo;0301;Oslo;0905;Veitvet skole;MDG;Miljøpartiet De Grønne;3,31808;3834;877;29
03;Oslo;0301;Oslo;0905;Veitvet skole;V;Venstre;3,20366;3834;877;28
03;Oslo;0301;Oslo;0905;Veitvet skole;H;Høyre;9,61098;3834;877;84
03;Oslo;0301;Oslo;0905;Veitvet skole;FRP;Fremskrittspartiet;7,09382;3834;877;62
03;Oslo;0301;Oslo;0905;Veitvet skole;AAN;Alliansen - Alternativ for Norge;0,0;3834;877;0
03;Oslo;0301;Oslo;0905;Veitvet skole;DEMN;Demokratene;0,34325;3834;877;3
03;Oslo;0301;Oslo;0905;Veitvet skole;FNB;Folkeaksjonen Nei til mer bompenger;0,91533;3834;877;8
03;Oslo;0301;Oslo;0905;Veitvet skole;HELSE;Helsepartiet;0,11442;3834;877;1
03;Oslo;0301;Oslo;0905;Veitvet skole;INP;Industri- og Næringspartiet;0,11442;3834;877;1
03;Oslo;0301;Oslo;0905;Veitvet skole;KRISTNE;Partiet De Kristne;0,0;3834;877;0
03;Oslo;0301;Oslo;0905;Veitvet skole;KYST;Kystpartiet;0,0;3834;877;0
03;Oslo;0301;Oslo;0905;Veitvet skole;LIBS;Liberalistene;0,0;3834;877;0
03;Oslo;0301;Oslo;0905;Veitvet skole;NKP;Norges Kommunistiske Parti;0,0;3834;877;0
03;Oslo;0301;Oslo;0905;Veitvet skole;PIR;Piratpartiet;0,0;3834;877;0
03;Oslo;0301;Oslo;0905;Veitvet skole;PP;Pensjonistpartiet;0,22883;3834;877;2
03;Oslo;0301;Oslo;0905;Veitvet skole;PS;Partiet Sentrum;1,373;3834;877;12
03;Oslo;0301;Oslo;0905;Veitvet skole;BLANKE;Blanke;0,34325;3834;877;3
03;Oslo;0301;Oslo;0905;Veitvet skole;FI;Feministisk Initiativ;0,0;3834;877;0
03;Oslo;0301;Oslo;0905;Veitvet skole;Andre;Andre;3,08924;3834;877;27
03;Oslo;0301;Oslo;0905;Veitvet skole;Andre2;Andre2;0,0;3834;877;0
